timestamp_seconds,frame_idx,face_id,x,y,w,h,yaw,pitch,eye_away,looking_at_camera
60.000000,0,1,303,110,121,121,-8.1,12.1,0.617,0
60.033333,1,1,300,108,124,124,-7.9,11.5,0.602,0
60.066667,2,1,301,107,124,124,-7.5,11.0,0.580,0
60.100000,3,1,301,107,124,124,-7.5,11.0,0.581,0
60.133333,4,1,298,108,125,125,-7.7,11.2,0.621,0
60.166667,5,1,298,107,126,126,-7.5,11.5,0.605,0
60.200000,6,1,298,107,127,127,-7.3,11.3,0.563,0
60.233333,7,1,297,107,127,127,-7.2,11.2,0.553,0
60.266667,8,1,297,107,127,127,-7.2,11.3,0.573,0
60.300000,9,1,297,107,126,126,-7.4,11.4,0.608,0
60.333333,10,1,298,107,125,125,-7.3,11.3,0.609,0
60.366667,11,1,298,108,124,124,-7.3,11.3,0.599,0
60.400000,12,1,298,108,125,125,-7.1,11.2,0.588,0
60.433333,13,1,298,107,126,126,-7.1,10.9,0.614,0
60.466667,14,1,298,108,125,125,-7.2,11.4,0.595,0
60.500000,15,1,297,108,126,126,-7.3,11.3,0.565,0
60.533333,16,1,298,107,126,126,-7.6,10.4,0.577,0
60.566667,17,1,298,108,125,125,-7.5,10.8,0.601,0
60.600000,18,1,297,107,126,126,-7.7,10.6,0.598,0
60.633333,19,1,297,107,125,125,-7.7,10.5,0.611,0
60.666667,20,1,298,108,124,124,-7.8,10.3,0.564,0
60.700000,21,1,299,108,123,123,-8.1,9.9,0.547,0
60.733333,22,1,298,105,125,125,-9.0,9.7,0.574,0
60.766667,23,1,296,104,126,126,-9.4,9.8,0.620,0
60.800000,24,1,296,106,124,124,-10.5,9.8,0.635,0
60.833333,25,1,296,107,123,123,-11.7,10.1,0.661,0
60.866667,26,1,295,107,123,123,-12.5,10.3,0.697,0
60.900000,27,1,295,109,121,121,-13.4,10.0,0.717,0
60.933333,28,1,295,110,121,121,-14.0,9.9,0.734,0
60.966667,29,1,294,108,123,123,-14.5,10.4,0.777,0
61.000000,30,1,296,110,121,121,-15.3,10.9,0.813,0
61.033333,31,1,291,110,124,124,-15.5,11.9,0.799,0
61.066667,32,1,290,110,128,128,-15.6,12.8,0.807,0
61.100000,33,1,289,110,128,128,-15.7,13.5,0.832,0
61.133333,34,1,291,113,125,125,-16.0,13.9,0.787,0
61.166667,35,1,292,114,124,124,-15.9,14.4,0.811,0
61.200000,36,1,291,114,125,125,-16.0,14.7,0.816,0
61.233333,37,1,290,113,125,125,-16.1,15.0,0.832,0
61.266667,38,1,290,113,126,126,-16.1,13.8,0.813,0
61.300000,39,1,290,112,126,126,-16.1,14.0,0.858,0
61.333333,40,1,290,113,125,125,-15.8,13.5,0.807,0
61.366667,41,1,291,114,124,124,-15.6,13.7,0.805,0
61.400000,42,1,291,114,124,124,-15.7,13.8,0.802,0
61.433333,43,1,291,112,124,124,-15.3,12.8,0.805,0
61.466667,44,1,292,112,123,123,-14.8,13.7,0.779,0
61.500000,45,1,293,111,122,122,-14.8,13.0,0.773,0
61.533333,46,1,294,111,120,120,-14.5,12.7,0.778,0
61.566667,47,1,295,112,119,119,-13.6,12.5,0.819,0
61.600000,48,1,298,113,115,115,-12.9,11.1,0.889,0
61.633333,49,1,296,108,118,118,-12.1,10.1,0.891,0
61.666667,50,1,295,105,123,123,-11.2,9.7,0.913,0
61.700000,51,1,297,105,120,120,-9.7,8.4,0.909,0
61.733333,52,1,298,105,120,120,-7.7,7.5,0.924,0
61.766667,53,1,297,101,124,124,-6.7,7.5,0.890,0
61.800000,54,1,298,100,122,122,-5.9,6.9,0.921,0
61.833333,55,1,299,101,123,123,-5.3,6.5,0.910,0
61.866667,56,1,304,103,120,120,-4.4,6.8,0.900,0
61.900000,57,1,306,103,118,118,-3.8,6.7,0.870,0
61.933333,58,1,305,101,120,120,-3.2,6.0,0.791,0
61.966667,59,1,304,99,122,122,-2.8,5.0,0.807,0
62.000000,60,1,308,93,120,120,-2.6,2.8,0.779,0
62.033333,61,1,308,94,119,119,-2.7,2.8,0.785,0
62.066667,62,1,310,92,119,119,-2.1,2.3,0.807,0
62.100000,63,1,313,95,114,114,-1.8,1.6,0.775,0
62.133333,64,1,315,95,113,113,-1.6,1.5,0.786,0
62.166667,65,1,314,94,113,113,-1.8,1.3,0.769,0
62.200000,66,1,313,93,115,115,-1.7,1.4,0.747,0
62.233333,67,1,313,92,116,116,-1.7,1.2,0.780,0
62.266667,68,1,315,93,115,115,-2.0,1.4,0.760,0
62.300000,69,1,316,93,116,116,-2.0,1.4,0.759,0
62.333333,70,1,316,96,115,115,-2.2,1.3,0.763,0
62.366667,71,1,315,97,116,116,-2.5,2.2,0.769,0
62.400000,72,1,315,99,115,115,-2.8,3.0,0.739,0
62.433333,73,1,316,101,113,113,-2.3,3.9,0.776,0
62.466667,74,1,315,98,117,117,-2.6,5.8,0.651,0
62.500000,75,1,317,101,114,114,-2.4,6.8,0.738,0
62.533333,76,1,321,104,110,110,-2.0,7.2,0.743,0
62.566667,77,1,323,105,108,108,-1.8,7.5,0.755,0
62.600000,78,1,324,104,108,108,-1.9,6.7,0.725,0
62.633333,79,1,325,105,107,107,-1.8,6.5,0.767,0
62.666667,80,1,324,103,109,109,-1.9,6.1,0.729,0
62.700000,81,1,326,103,109,109,-1.8,5.9,0.746,0
62.733333,82,1,326,102,110,110,-1.7,5.7,0.665,0
62.766667,83,1,325,100,113,113,-1.5,5.3,0.665,0
62.800000,84,1,326,99,114,114,-1.7,5.1,0.635,0
62.833333,85,1,325,99,115,115,-2.0,5.1,0.554,0
62.866667,86,1,326,98,116,116,-1.7,5.0,0.707,0
62.900000,87,1,326,97,116,116,-1.9,5.0,0.772,0
62.933333,88,1,326,98,115,115,-1.8,5.0,0.812,0
62.966667,89,1,327,100,113,113,-1.8,5.1,0.814,0
63.000000,90,1,327,100,113,113,-1.6,4.8,0.826,0
63.033333,91,1,328,99,112,112,-1.6,4.4,0.801,0
63.066667,92,1,326,99,114,114,-2.0,4.3,0.738,0
63.100000,93,1,326,99,115,115,-2.3,3.5,0.573,0
63.133333,94,1,326,96,119,119,-1.8,3.4,0.437,0
63.166667,95,1,328,95,116,116,-1.5,2.3,0.313,0
63.200000,96,1,328,95,116,116,-1.4,1.7,0.283,1
63.233333,97,1,324,91,122,122,-1.4,0.0,0.293,1
63.266667,98,1,328,94,115,115,-1.4,-1.0,0.306,0
63.300000,99,1,330,95,114,114,-1.0,-2.2,0.353,0
63.333333,100,1,328,94,115,115,-1.1,-3.0,0.319,0
63.366667,101,1,329,93,114,114,-1.1,-3.3,0.273,1
63.400000,102,1,329,93,113,113,-1.1,-4.2,0.307,0
63.433333,103,1,330,93,113,113,-0.9,-4.1,0.272,1
63.466667,104,1,330,92,112,112,-0.7,-4.3,0.297,1
63.500000,105,1,330,92,112,112,-0.5,-4.7,0.290,1
63.533333,106,1,330,92,112,112,-0.2,-5.1,0.278,1
63.566667,107,1,331,92,112,112,-0.1,-5.0,0.245,1
63.600000,108,1,331,93,111,111,-0.0,-5.1,0.291,1
63.633333,109,1,331,93,111,111,0.2,-5.1,0.271,1
63.666667,110,1,331,93,112,112,0.7,-4.9,0.287,1
63.700000,111,1,330,93,112,112,0.8,-4.8,0.294,1
63.733333,112,1,330,93,112,112,0.9,-4.9,0.321,0
63.766667,113,1,329,93,112,112,0.9,-4.5,0.340,0
63.800000,114,1,330,93,113,113,1.1,-4.2,0.405,0
63.833333,115,1,330,92,113,113,1.3,-4.5,0.578,0
63.866667,116,1,330,92,112,112,1.7,-4.3,0.552,0
63.900000,117,1,329,92,114,114,1.6,-4.1,0.638,0
63.933333,118,1,330,92,115,115,2.2,-4.2,0.653,0
63.966667,119,1,332,92,114,114,2.7,-4.7,0.668,0
64.000000,120,1,333,95,112,112,2.1,-3.8,0.662,0
64.033333,121,1,334,95,112,112,2.3,-3.5,0.672,0
64.066667,122,1,333,96,113,113,2.9,-2.3,0.721,0
64.100000,123,1,333,96,115,115,3.0,-1.8,0.736,0
64.133333,124,1,332,95,116,116,3.2,-1.0,0.677,0
64.166667,125,1,332,95,116,116,3.7,-0.5,0.639,0
64.200000,126,1,332,95,116,116,3.6,-0.8,0.615,0
64.233333,127,1,333,95,116,116,3.7,-1.0,0.609,0
64.266667,128,1,333,95,116,116,3.6,-0.8,0.605,0
64.300000,129,1,333,96,115,115,3.5,-0.2,0.569,0
64.333333,130,1,333,96,115,115,3.6,-0.1,0.592,0
64.366667,131,1,334,96,114,114,3.4,0.1,0.571,0
64.400000,132,1,334,96,115,115,3.6,0.4,0.579,0
64.433333,133,1,334,96,115,115,3.9,0.7,0.593,0
64.466667,134,1,334,96,115,115,4.2,1.5,0.620,0
64.500000,135,1,332,97,116,116,4.1,1.8,0.634,0
64.533333,136,1,331,97,117,117,4.3,2.2,0.626,0
64.566667,137,1,330,96,118,118,4.2,2.6,0.609,0
64.600000,138,1,328,96,119,119,3.8,2.7,0.598,0
64.633333,139,1,327,97,119,119,3.8,3.0,0.594,0
64.666667,140,1,327,98,117,117,3.5,2.7,0.634,0
64.700000,141,1,327,98,116,116,3.5,2.5,0.623,0
64.733333,142,1,328,100,114,114,3.7,2.3,0.560,0
64.766667,143,1,327,100,113,113,3.4,2.3,0.563,0
64.800000,144,1,327,99,114,114,3.4,2.1,0.553,0
64.833333,145,1,328,99,113,113,3.7,2.1,0.540,0
64.866667,146,1,327,98,115,115,3.8,1.5,0.580,0
64.900000,147,1,327,97,115,115,3.7,1.5,0.605,0
64.933333,148,1,326,96,115,115,3.6,1.4,0.581,0
64.966667,149,1,325,96,115,115,3.3,1.1,0.599,0
65.000000,150,1,325,95,115,115,3.3,0.7,0.605,0
65.033333,151,1,324,93,116,116,3.0,-0.6,0.560,0
65.066667,152,1,324,94,115,115,3.1,-0.3,0.569,0
65.100000,153,1,325,96,111,111,3.1,0.6,0.620,0
65.133333,154,1,326,98,107,107,3.0,0.7,0.493,0
65.166667,155,1,324,97,108,108,2.6,0.5,0.519,0
65.200000,156,1,322,96,110,110,2.1,-0.1,0.450,0
65.233333,157,1,322,97,108,108,1.8,0.2,0.516,0
65.266667,158,1,322,97,108,108,1.7,0.3,0.525,0
65.300000,159,1,321,97,107,107,1.9,0.0,0.574,0
65.333333,160,1,318,95,108,108,1.8,-0.2,0.582,0
65.366667,161,1,313,92,113,113,1.4,-0.2,0.578,0
65.400000,162,1,313,92,112,112,1.1,-0.7,0.493,0
65.433333,163,1,313,94,110,110,1.2,0.1,0.489,0
65.466667,164,1,309,92,111,111,0.1,-0.2,0.428,0
65.500000,165,1,310,93,107,107,-0.3,0.0,0.406,0
65.533333,166,1,309,96,104,104,-1.3,0.1,0.379,0
65.566667,167,1,307,95,107,107,-1.7,0.3,0.374,0
65.600000,168,1,308,96,106,106,-2.0,0.6,0.399,0
65.633333,169,1,305,95,109,109,-2.1,0.8,0.422,0
65.666667,170,1,305,95,109,109,-2.0,1.1,0.417,0
65.700000,171,1,301,94,111,111,-3.2,1.8,0.241,1
65.733333,172,1,300,94,111,111,-3.0,2.4,0.269,1
65.766667,173,1,296,93,115,115,-3.5,3.0,0.275,1
65.800000,174,1,294,92,117,117,-3.6,3.4,0.278,1
65.833333,175,1,294,94,117,117,-3.7,3.8,0.319,0
65.866667,176,1,293,93,119,119,-4.0,4.2,0.320,0
65.900000,177,1,294,94,118,118,-4.7,4.5,0.330,0
65.933333,178,1,295,96,114,114,-5.4,4.2,0.429,0
65.966667,179,1,295,96,113,113,-5.6,4.2,0.406,0
66.000000,180,1,294,96,112,112,-6.3,4.1,0.389,0
66.033333,181,1,294,96,110,110,-6.7,3.5,0.389,0
66.066667,182,1,295,97,108,108,-6.9,3.4,0.403,0
66.100000,183,1,295,96,108,108,-7.2,3.2,0.427,0
66.133333,184,1,295,95,110,110,-7.3,2.4,0.417,0
66.166667,185,1,293,93,114,114,-7.3,2.7,0.439,0
66.200000,186,1,292,93,113,113,-7.5,2.2,0.447,0
66.233333,187,1,292,94,111,111,-8.0,1.9,0.449,0
66.266667,188,1,292,95,111,111,-7.7,2.1,0.487,0
66.300000,189,1,292,95,110,110,-7.7,1.6,0.477,0
66.333333,190,1,291,94,110,110,-7.7,1.5,0.462,0
66.366667,191,1,291,94,111,111,-7.8,1.2,0.476,0
66.400000,192,1,290,94,109,109,-8.4,1.4,0.452,0
66.433333,193,1,290,94,109,109,-8.3,1.4,0.458,0
66.466667,194,1,291,94,109,109,-8.5,1.6,0.483,0
66.500000,195,1,292,95,109,109,-8.4,2.0,0.483,0
66.533333,196,1,292,94,109,109,-8.1,1.6,0.520,0
66.566667,197,1,292,95,108,108,-8.3,1.3,0.434,0
66.600000,198,1,293,94,108,108,-8.0,1.1,0.536,0
66.633333,199,1,294,94,107,107,-8.0,0.8,0.476,0
66.666667,200,1,295,94,106,106,-7.6,0.5,0.481,0
66.700000,201,1,296,94,106,106,-7.4,0.4,0.502,0
66.733333,202,1,296,94,106,106,-7.3,0.4,0.484,0
66.766667,203,1,296,94,103,103,-7.4,-0.1,0.440,0
66.800000,204,1,296,93,104,104,-7.1,-0.3,0.478,0
66.833333,205,1,296,90,103,103,-7.5,-1.4,0.454,0
66.866667,206,1,298,91,101,101,-7.3,-1.9,0.452,0
66.900000,207,1,296,89,106,106,-7.0,-1.7,0.436,0
66.933333,208,1,299,89,106,106,-7.1,-1.6,0.437,0
66.966667,209,1,302,90,104,104,-6.5,-2.3,0.462,0
67.000000,210,1,304,92,101,101,-6.2,-2.5,0.587,0
67.033333,211,1,307,91,100,100,-5.5,-2.9,0.565,0
67.066667,212,1,306,90,102,102,-5.0,-2.9,0.562,0
67.100000,213,1,309,90,99,99,-4.6,-3.0,0.496,0
67.133333,214,1,311,90,98,98,-3.8,-2.5,0.403,0
67.166667,215,1,313,89,100,100,-3.3,-2.5,0.439,0
67.200000,216,1,316,90,99,99,-2.5,-2.3,0.443,0
67.233333,217,1,316,90,98,98,-2.8,-3.0,0.348,0
67.266667,218,1,320,92,95,95,-1.9,-2.8,0.364,0
67.300000,219,1,321,93,94,94,-1.7,-2.7,0.371,0
67.333333,220,1,320,92,96,96,-1.6,-2.6,0.363,0
67.366667,221,1,319,92,98,98,-0.9,-2.3,0.334,0
67.400000,222,1,318,91,100,100,-0.3,-2.3,0.525,0
67.433333,223,1,317,90,104,104,0.2,-1.5,0.542,0
67.466667,224,1,319,92,100,100,0.7,-1.4,0.467,0
67.500000,225,1,321,93,99,99,1.7,-0.7,0.492,0
67.533333,226,1,321,94,100,100,2.1,-0.6,0.608,0
67.566667,227,1,320,93,102,102,2.5,-0.3,0.536,0
67.600000,228,1,320,94,102,102,3.2,1.0,0.521,0
67.633333,229,1,324,94,102,102,5.3,2.8,0.447,0
67.666667,230,1,323,94,102,102,5.3,3.3,0.498,0
67.700000,231,1,327,97,102,102,6.3,3.2,0.599,0
67.733333,232,1,328,97,102,102,7.4,3.4,0.479,0
67.766667,233,1,327,98,101,101,8.4,3.7,0.429,0
67.800000,234,1,328,99,100,100,8.6,3.9,0.400,0
67.833333,235,1,331,100,102,102,9.7,4.6,0.402,0
67.866667,236,1,332,102,101,101,9.7,5.0,0.340,0
67.900000,237,1,333,102,100,100,10.2,5.7,0.273,1
67.933333,238,1,329,102,103,103,9.4,6.4,0.366,0
67.966667,239,1,329,103,102,102,9.4,6.5,0.318,0
68.000000,240,1,328,105,100,100,8.4,7.3,0.269,1
68.033333,241,1,328,105,100,100,8.3,7.2,0.272,1
68.066667,242,1,328,104,101,101,8.1,7.3,0.297,1
68.100000,243,1,328,104,101,101,8.1,7.6,0.255,1
68.133333,244,1,327,105,100,100,7.8,7.5,0.255,1
68.166667,245,1,327,106,99,99,7.8,7.5,0.213,1
68.200000,246,1,327,107,100,100,7.6,8.2,0.182,1
68.233333,247,1,325,107,103,103,7.2,8.6,0.169,1
68.266667,248,1,323,106,103,103,6.9,8.0,0.213,1
68.300000,249,1,322,106,104,104,6.6,7.7,0.212,1
68.333333,250,1,322,107,102,102,6.5,7.6,0.316,0
68.366667,251,1,323,108,100,100,6.6,8.0,0.296,1
68.400000,252,1,324,110,98,98,6.1,8.0,0.410,0
68.433333,253,1,324,110,98,98,6.0,7.9,0.409,0
68.466667,254,1,324,110,98,98,5.8,8.7,0.362,0
68.500000,255,1,323,109,99,99,5.8,9.0,0.429,0
68.533333,256,1,321,108,101,101,5.3,9.8,0.416,0
68.566667,257,1,319,109,103,103,4.9,10.6,0.359,0
68.600000,258,1,315,108,105,105,3.8,9.9,0.407,0
68.633333,259,1,316,105,107,107,3.3,9.8,0.272,1
68.666667,260,1,313,105,107,107,1.5,9.3,0.339,0
68.700000,261,1,312,105,107,107,1.3,9.4,0.366,0
68.733333,262,1,312,102,112,112,0.9,9.6,0.465,0
68.766667,263,1,311,101,114,114,-0.2,9.9,0.501,0
68.800000,264,1,309,101,114,114,-0.9,9.3,0.462,0
68.833333,265,1,308,101,115,115,-1.4,8.5,0.360,0
68.866667,266,1,306,102,116,116,-1.9,8.4,0.378,0
68.900000,267,1,306,102,115,115,-1.9,8.6,0.405,0
68.933333,268,1,307,102,114,114,-2.0,7.9,0.370,0
68.966667,269,1,307,103,113,113,-2.0,8.2,0.379,0
69.000000,270,1,307,104,112,112,-2.5,8.5,0.385,0
69.033333,271,1,306,104,113,113,-2.8,8.5,0.309,0
69.066667,272,1,306,103,114,114,-2.6,8.7,0.330,0
69.100000,273,1,306,104,113,113,-2.9,8.5,0.320,0
69.133333,274,1,307,104,112,112,-2.9,8.2,0.350,0
69.166667,275,1,306,103,112,112,-2.9,8.2,0.324,0
69.200000,276,1,306,100,115,115,-2.8,7.8,0.306,0
69.233333,277,1,306,100,115,115,-2.7,7.9,0.303,0
69.266667,278,1,307,100,115,115,-2.7,7.7,0.314,0
69.300000,279,1,307,99,115,115,-3.0,7.3,0.346,0
69.333333,280,1,308,98,114,114,-2.8,7.5,0.404,0
69.366667,281,1,309,99,113,113,-2.3,7.4,0.355,0
69.400000,282,1,309,98,113,113,-2.0,7.2,0.374,0
69.433333,283,1,312,98,111,111,-1.9,6.8,0.391,0
69.466667,284,1,313,99,110,110,-1.7,7.3,0.327,0
69.500000,285,1,314,100,110,110,-2.1,6.1,0.364,0
69.533333,286,1,314,100,110,110,-2.1,6.1,0.367,0
69.566667,287,1,314,101,108,108,-1.8,5.9,0.346,0
69.600000,288,1,314,101,108,108,-1.8,5.8,0.330,0
69.633333,289,1,315,101,108,108,-1.9,5.4,0.253,1
69.666667,290,1,315,102,108,108,-2.1,5.8,0.290,1
69.700000,291,1,314,102,109,109,-2.4,6.0,0.289,1
69.733333,292,1,314,102,107,107,-2.4,5.8,0.297,1
69.766667,293,1,315,102,106,106,-2.8,6.0,0.317,0
69.800000,294,1,315,102,106,106,-2.8,5.9,0.309,0
69.833333,295,1,315,103,105,105,-3.1,6.2,0.324,0
69.866667,296,1,314,102,106,106,-3.7,6.2,0.293,1
69.900000,297,1,310,99,110,110,-4.0,5.6,0.277,1
69.933333,298,1,309,98,111,111,-5.0,5.2,0.341,0
69.966667,299,1,309,97,111,111,-5.9,4.9,0.300,0
70.000000,300,1,308,97,112,112,-6.2,4.6,0.342,0
70.033333,301,1,307,97,114,114,-6.7,5.4,0.357,0
70.066667,302,1,307,96,115,115,-6.8,5.2,0.380,0
70.100000,303,1,306,96,115,115,-7.0,5.3,0.357,0
70.133333,304,1,305,95,115,115,-7.1,4.7,0.432,0
70.166667,305,1,305,96,115,115,-7.3,5.6,0.367,0
70.200000,306,1,305,97,113,113,-7.2,5.4,0.408,0
70.233333,307,1,306,97,113,113,-6.7,5.8,0.425,0
70.266667,308,1,307,97,113,113,-6.6,6.1,0.415,0
70.300000,309,1,307,96,112,112,-6.1,5.8,0.396,0
70.333333,310,1,307,97,112,112,-5.9,6.1,0.382,0
70.366667,311,1,308,97,111,111,-5.3,6.2,0.381,0
70.400000,312,1,308,97,111,111,-4.4,6.5,0.401,0
70.433333,313,1,311,98,109,109,-2.7,6.4,0.317,0
70.466667,314,1,311,98,109,109,-2.7,6.4,0.311,0
70.500000,315,1,310,98,110,110,-2.0,8.5,0.315,0
70.533333,316,1,313,99,108,108,-0.2,8.2,0.345,0
70.566667,317,1,312,100,109,109,0.9,8.6,0.280,1
70.600000,318,1,311,101,111,111,1.6,8.7,0.269,1
70.633333,319,1,311,102,111,111,1.7,9.2,0.268,1
70.666667,320,1,313,103,109,109,2.2,9.0,0.256,1
70.700000,321,1,313,102,108,108,1.6,8.4,0.292,1
70.733333,322,1,312,103,108,108,1.3,8.8,0.306,0
70.766667,323,1,309,102,110,110,0.8,9.2,0.312,0
70.800000,324,1,307,101,112,112,-0.9,8.6,0.386,0
70.833333,325,1,308,101,112,112,-0.6,8.6,0.407,0
70.866667,326,1,307,100,113,113,-1.1,8.4,0.408,0
70.900000,327,1,306,99,112,112,-1.6,7.8,0.430,0
70.933333,328,1,305,99,112,112,-2.3,7.3,0.410,0
70.966667,329,1,307,99,111,111,-2.4,6.8,0.472,0
71.000000,330,1,307,98,111,111,-2.4,6.3,0.410,0
71.033333,331,1,306,98,111,111,-2.8,5.8,0.442,0
71.066667,332,1,305,97,111,111,-3.2,5.4,0.375,0
71.100000,333,1,306,97,111,111,-3.3,4.9,0.497,0
71.133333,334,1,307,96,112,112,-3.5,4.3,0.555,0
71.166667,335,1,306,95,113,113,-3.5,3.1,0.485,0
71.200000,336,1,305,96,113,113,-3.3,3.5,0.412,0
71.233333,337,1,305,96,113,113,-3.2,3.6,0.413,0
71.266667,338,1,305,96,112,112,-3.2,4.0,0.435,0
71.300000,339,1,304,96,113,113,-3.1,4.6,0.384,0
71.333333,340,1,306,98,111,111,-3.1,4.8,0.348,0
71.366667,341,1,305,97,112,112,-3.0,5.6,0.386,0
71.400000,342,1,306,98,110,110,-2.7,5.3,0.391,0
71.433333,343,1,306,98,110,110,-2.7,5.0,0.393,0
71.466667,344,1,306,98,111,111,-2.7,4.9,0.377,0
71.500000,345,1,305,96,113,113,-3.1,4.8,0.437,0
71.533333,346,1,305,96,114,114,-3.2,4.8,0.412,0
71.566667,347,1,307,97,113,113,-2.9,4.8,0.380,0
71.600000,348,1,309,98,112,112,-2.9,4.6,0.393,0
71.633333,349,1,311,99,109,109,-3.0,4.4,0.383,0
71.666667,350,1,313,101,107,107,-2.6,5.0,0.360,0
71.700000,351,1,315,103,106,106,-2.0,5.8,0.361,0
71.733333,352,1,316,104,104,104,-1.6,5.7,0.375,0
71.766667,353,1,317,104,104,104,-0.9,5.6,0.613,0
71.800000,354,1,317,106,103,103,-0.9,6.2,0.775,0
71.833333,355,1,317,106,104,104,-0.5,6.5,0.843,0
71.866667,356,1,316,108,105,105,0.2,7.3,0.831,0
71.900000,357,1,317,107,104,104,1.2,7.3,0.860,0
71.933333,358,1,319,108,103,103,1.9,7.7,0.828,0
71.966667,359,1,322,110,100,100,2.8,8.1,0.736,0
72.000000,360,1,321,111,102,102,4.6,8.1,0.541,0
72.033333,361,1,322,112,100,100,6.1,7.0,0.282,1
72.066667,362,1,321,111,102,102,7.8,7.1,0.279,1
72.100000,363,1,322,113,100,100,8.8,7.4,0.326,0
72.133333,364,1,322,114,101,101,9.6,7.5,0.340,0
72.166667,365,1,323,113,101,101,10.4,8.3,0.362,0
72.200000,366,1,322,114,101,101,10.1,8.6,0.400,0
72.233333,367,1,321,111,105,105,10.3,8.8,0.358,0
72.266667,368,1,320,112,106,106,9.7,9.2,0.344,0
72.300000,369,1,320,112,105,105,9.1,9.4,0.326,0
72.333333,370,1,320,113,104,104,8.5,9.1,0.287,1
72.366667,371,1,321,112,104,104,8.1,8.8,0.274,1
72.400000,372,1,322,112,101,101,7.6,8.3,0.278,1
72.433333,373,1,324,113,99,99,7.4,7.3,0.272,1
72.466667,374,1,322,112,100,100,6.5,7.5,0.270,1
72.500000,375,1,324,112,100,100,5.9,7.2,0.197,1
72.533333,376,1,323,111,100,100,5.1,7.5,0.185,1
72.566667,377,1,322,109,101,101,4.3,6.6,0.140,1
72.600000,378,1,319,107,103,103,3.2,6.5,0.160,1
72.633333,379,1,317,104,106,106,2.4,6.2,0.152,1
72.666667,380,1,318,103,106,106,0.7,5.6,0.123,1
72.700000,381,1,315,103,107,107,-0.5,5.2,0.164,1
72.733333,382,1,315,101,109,109,-1.7,4.5,0.173,1
72.766667,383,1,312,98,110,110,-2.9,4.1,0.274,1
72.800000,384,1,308,97,112,112,-4.0,4.1,0.274,1
72.833333,385,1,306,97,113,113,-5.1,3.7,0.259,1
72.866667,386,1,306,97,112,112,-5.8,3.0,0.278,1
72.900000,387,1,306,97,111,111,-6.1,2.6,0.309,0
72.933333,388,1,305,98,111,111,-6.3,2.2,0.307,0
72.966667,389,1,304,98,111,111,-6.4,2.1,0.337,0
73.000000,390,1,305,99,111,111,-6.7,1.9,0.338,0
73.033333,391,1,305,99,111,111,-6.4,2.0,0.322,0
73.066667,392,1,305,100,110,110,-6.7,2.0,0.365,0
73.100000,393,1,306,100,109,109,-6.5,1.8,0.321,0
73.133333,394,1,306,100,109,109,-6.5,2.0,0.280,1
73.166667,395,1,306,100,110,110,-6.5,2.2,0.369,0
73.200000,396,1,305,100,111,111,-6.2,2.6,0.362,0
73.233333,397,1,305,99,112,112,-5.7,2.9,0.370,0
73.266667,398,1,306,100,111,111,-5.2,3.0,0.333,0
73.300000,399,1,307,100,110,110,-4.7,3.0,0.282,1
73.333333,400,1,307,100,110,110,-3.8,3.4,0.326,0
73.366667,401,1,307,99,112,112,-2.9,3.7,0.334,0
73.400000,402,1,306,99,112,112,-2.7,3.5,0.371,0
73.433333,403,1,307,101,110,110,-2.6,3.9,0.362,0
73.466667,404,1,307,102,108,108,-2.2,4.1,0.339,0
73.500000,405,1,307,102,109,109,-1.8,4.5,0.336,0
73.533333,406,1,306,102,108,108,-1.9,4.2,0.324,0
73.566667,407,1,307,103,109,109,-1.6,4.4,0.346,0
73.600000,408,1,306,102,110,110,-1.5,4.3,0.278,1
73.633333,409,1,306,101,109,109,-1.3,4.1,0.270,1
73.666667,410,1,307,101,109,109,-1.0,4.1,0.328,0
73.700000,411,1,308,101,108,108,-0.5,4.6,0.290,1
73.733333,412,1,308,101,108,108,0.0,4.3,0.282,1
73.766667,413,1,307,100,109,109,-0.0,4.1,0.332,0
73.800000,414,1,307,100,110,110,0.7,4.3,0.413,0
73.833333,415,1,307,101,109,109,1.0,5.2,0.411,0
73.866667,416,1,307,101,109,109,1.6,5.5,0.423,0
73.900000,417,1,306,100,110,110,2.6,6.0,0.457,0
73.933333,418,1,307,102,109,109,3.3,6.3,0.328,0
73.966667,419,1,306,103,110,110,4.0,7.0,0.311,0
74.000000,420,1,307,105,109,109,5.1,7.4,0.332,0
74.033333,421,1,307,108,107,107,5.5,8.4,0.339,0
74.066667,422,1,308,108,106,106,6.6,7.9,0.343,0
74.100000,423,1,311,110,105,105,7.4,8.6,0.344,0
74.133333,424,1,309,111,105,105,7.1,9.2,0.358,0
74.166667,425,1,309,112,106,106,7.5,9.8,0.301,0
74.200000,426,1,310,111,109,109,7.9,11.8,0.193,1
74.233333,427,1,310,114,109,109,8.0,13.4,0.215,1
74.266667,428,1,310,114,110,110,7.7,13.3,0.346,0
74.300000,429,1,309,114,109,109,7.0,14.2,0.382,0
74.333333,430,1,309,113,111,111,6.6,14.0,0.411,0
74.366667,431,1,308,112,112,112,6.1,14.1,0.409,0
74.400000,432,1,308,112,112,112,5.7,14.1,0.392,0
74.433333,433,1,307,111,112,112,5.8,14.2,0.471,0
74.466667,434,1,307,112,111,111,5.6,14.1,0.456,0
74.500000,435,1,307,112,111,111,5.6,13.9,0.453,0
74.533333,436,1,306,111,111,111,5.5,13.6,0.461,0
74.566667,437,1,306,109,111,111,5.6,12.6,0.463,0
74.600000,438,1,303,107,112,112,5.6,12.9,0.299,1
74.633333,439,1,306,110,110,110,5.1,12.8,0.406,0
74.666667,440,1,306,110,107,107,3.9,13.1,0.447,0
74.700000,441,1,307,111,106,106,4.1,12.7,0.501,0
74.733333,442,1,306,110,107,107,3.2,13.1,0.473,0
74.766667,443,1,306,109,108,108,2.5,13.3,0.480,0
74.800000,444,1,308,107,109,109,1.0,13.1,0.564,0
74.833333,445,1,308,107,109,109,1.0,13.0,0.563,0
74.866667,446,1,305,104,111,111,-0.4,12.8,0.555,0
74.900000,447,1,306,103,110,110,-1.9,12.3,0.414,0
74.933333,448,1,308,104,107,107,-2.9,11.3,0.447,0
74.966667,449,1,307,104,108,108,-3.8,11.1,0.481,0
75.000000,450,1,307,102,109,109,-4.5,10.6,0.511,0
75.033333,451,1,306,100,111,111,-4.7,9.9,0.497,0
75.066667,452,1,305,98,112,112,-5.0,9.4,0.438,0
75.100000,453,1,306,98,112,112,-5.1,9.3,0.461,0
75.133333,454,1,306,97,112,112,-5.5,9.1,0.519,0
75.166667,455,1,306,95,112,112,-5.6,8.1,0.490,0
75.200000,456,1,307,95,112,112,-5.8,8.2,0.540,0
75.233333,457,1,307,96,112,112,-6.0,8.5,0.546,0
75.266667,458,1,307,98,112,112,-5.5,9.1,0.534,0
75.300000,459,1,308,99,111,111,-5.2,9.0,0.547,0
75.333333,460,1,309,99,110,110,-4.9,8.8,0.488,0
75.366667,461,1,309,99,109,109,-4.2,8.6,0.531,0
75.400000,462,1,314,102,104,104,-3.3,8.5,0.489,0
75.433333,463,1,315,104,103,103,-1.9,8.4,0.398,0
75.466667,464,1,316,103,104,104,-0.6,8.0,0.395,0
75.500000,465,1,314,102,106,106,0.7,7.8,0.325,0
75.533333,466,1,313,102,107,107,1.5,7.5,0.294,1
75.566667,467,1,313,103,106,106,2.4,8.6,0.198,1
75.600000,468,1,312,104,107,107,2.9,8.6,0.179,1
75.633333,469,1,312,104,106,106,2.9,8.7,0.172,1
75.666667,470,1,312,104,106,106,2.5,8.8,0.174,1
75.700000,471,1,312,103,108,108,1.9,8.4,0.180,1
75.733333,472,1,311,101,110,110,1.4,8.1,0.222,1
75.766667,473,1,311,99,111,111,0.9,7.1,0.210,1
75.800000,474,1,311,98,111,111,0.3,6.4,0.222,1
75.833333,475,1,310,96,112,112,-0.6,6.6,0.257,1
75.866667,476,1,310,97,112,112,-1.1,5.8,0.284,1
75.900000,477,1,310,96,112,112,-1.3,6.1,0.272,1
75.933333,478,1,311,97,111,111,-1.5,5.7,0.278,1
75.966667,479,1,311,98,111,111,-1.5,5.6,0.276,1
76.000000,480,1,312,98,111,111,-1.6,5.5,0.287,1
76.033333,481,1,312,99,110,110,-1.2,5.4,0.303,0
76.066667,482,1,312,98,109,109,-1.1,5.1,0.292,1
76.100000,483,1,313,98,109,109,-0.8,4.6,0.292,1
76.133333,484,1,314,99,107,107,-0.6,4.1,0.336,0
76.166667,485,1,315,99,105,105,-0.4,3.8,0.319,0
76.200000,486,1,314,99,106,106,-0.5,3.3,0.289,1
76.233333,487,1,314,98,106,106,-0.1,3.2,0.316,0
76.266667,488,1,313,98,107,107,-0.2,3.4,0.326,0
76.300000,489,1,313,98,107,107,0.4,3.6,0.280,1
76.333333,490,1,314,98,105,105,0.6,3.6,0.286,1
76.366667,491,1,314,98,105,105,1.1,3.5,0.356,0
76.400000,492,1,314,98,106,106,1.6,3.7,0.546,0
76.433333,493,1,314,98,106,106,1.9,3.8,0.604,0
76.466667,494,1,317,98,104,104,2.9,3.9,0.631,0
76.500000,495,1,318,100,103,103,3.5,4.1,0.469,0
76.533333,496,1,317,100,103,103,4.0,4.5,0.502,0
76.566667,497,1,317,100,103,103,4.5,4.8,0.498,0
76.600000,498,1,318,101,103,103,4.6,4.9,0.520,0
76.633333,499,1,317,101,103,103,5.4,5.5,0.550,0
76.666667,500,1,317,102,102,102,5.4,5.7,0.502,0
76.700000,501,1,318,102,102,102,5.6,5.8,0.532,0
76.733333,502,1,319,103,100,100,5.9,5.8,0.471,0
76.766667,503,1,319,101,101,101,6.2,5.3,0.496,0
76.800000,504,1,316,100,105,105,6.9,4.7,0.437,0
76.833333,505,1,316,100,105,105,6.9,4.8,0.439,0
76.866667,506,1,313,99,107,107,7.2,5.2,0.436,0
76.900000,507,1,312,99,106,106,7.6,4.5,0.463,0
76.933333,508,1,313,99,107,107,8.2,3.8,0.454,0
76.966667,509,1,313,100,106,106,8.4,3.4,0.426,0
77.000000,510,1,314,100,105,105,9.1,3.3,0.385,0
77.033333,511,1,314,100,105,105,9.3,3.6,0.386,0
77.066667,512,1,313,100,106,106,9.0,3.4,0.456,0
77.100000,513,1,313,99,106,106,9.1,3.8,0.465,0
77.133333,514,1,311,100,106,106,9.0,3.4,0.450,0
77.166667,515,1,310,99,107,107,8.9,3.4,0.386,0
77.200000,516,1,312,101,106,106,8.7,3.2,0.410,0
77.233333,517,1,313,101,105,105,8.0,3.9,0.392,0
77.266667,518,1,314,101,104,104,8.0,3.3,0.442,0
77.300000,519,1,315,101,105,105,8.2,3.9,0.440,0
77.333333,520,1,315,102,105,105,8.5,4.0,0.379,0
77.366667,521,1,315,101,105,105,8.3,4.0,0.400,0
77.400000,522,1,315,101,105,105,8.3,3.9,0.408,0
77.433333,523,1,315,101,105,105,8.3,4.0,0.396,0
77.466667,524,1,315,101,105,105,8.4,4.1,0.397,0
77.500000,525,1,314,101,106,106,8.6,4.2,0.397,0
77.533333,526,1,313,100,108,108,8.5,4.7,0.376,0
77.566667,527,1,312,99,109,109,7.8,4.2,0.356,0
77.600000,528,1,311,99,110,110,7.6,4.5,0.418,0
77.633333,529,1,311,99,110,110,7.2,4.6,0.431,0
77.666667,530,1,311,99,110,110,6.8,5.2,0.405,0
77.700000,531,1,312,100,108,108,5.7,5.1,0.451,0
77.733333,532,1,313,101,107,107,5.0,5.4,0.680,0
77.766667,533,1,312,99,106,106,4.0,5.5,0.782,0
77.800000,534,1,311,99,105,105,2.7,4.1,0.818,0
77.833333,535,1,310,100,104,104,1.7,3.9,0.854,0
77.866667,536,1,310,99,104,104,1.0,3.5,0.876,0
77.900000,537,1,308,95,108,108,0.4,3.6,0.885,0
77.933333,538,1,308,95,108,108,-0.3,3.2,0.898,0
77.966667,539,1,306,93,112,112,-0.6,2.7,0.881,0
78.000000,540,1,306,92,111,111,-0.8,1.7,0.874,0
78.033333,541,1,307,92,111,111,-0.8,0.6,0.854,0
78.066667,542,1,306,92,110,110,-1.2,0.4,0.828,0
78.100000,543,1,306,92,110,110,-1.4,-0.4,0.767,0
78.133333,544,1,302,90,112,112,-1.5,-1.5,0.700,0
78.166667,545,1,304,90,109,109,-1.5,-2.0,0.437,0
78.200000,546,1,306,92,106,106,-1.6,-2.1,0.175,1
78.233333,547,1,308,92,104,104,-1.5,-1.9,0.147,1
78.266667,548,1,308,92,104,104,-1.3,-2.6,0.131,1
78.300000,549,1,305,92,107,107,-1.1,-2.9,0.343,0
78.333333,550,1,305,93,107,107,-1.0,-2.6,0.381,0
78.366667,551,1,304,93,108,108,-1.0,-2.5,0.355,0
78.400000,552,1,303,94,107,107,-1.1,-2.3,0.307,0
78.433333,553,1,302,94,108,108,-1.4,-2.0,0.297,1
78.466667,554,1,302,94,106,106,-1.4,-1.6,0.354,0
78.500000,555,1,300,92,108,108,-1.7,-1.3,0.347,0
78.533333,556,1,301,93,106,106,-1.9,-0.8,0.340,0
78.566667,557,1,302,93,104,104,-1.7,-0.6,0.335,0
78.600000,558,1,302,93,103,103,-1.3,-0.5,0.361,0
78.633333,559,1,300,92,105,105,-1.2,-0.4,0.336,0
78.666667,560,1,300,93,104,104,-0.7,-0.3,0.286,1
78.700000,561,1,301,93,103,103,-0.5,-0.2,0.306,0
78.733333,562,1,302,93,101,101,0.1,-1.0,0.289,1
78.766667,563,1,300,93,103,103,0.5,-0.6,0.201,1
78.800000,564,1,301,93,104,104,1.1,-0.2,0.229,1
78.833333,565,1,300,92,107,107,1.7,0.2,0.260,1
78.866667,566,1,299,91,112,112,2.4,0.8,0.234,1
78.900000,567,1,300,92,110,110,3.3,1.6,0.260,1
78.933333,568,1,301,93,108,108,4.0,2.3,0.281,1
78.966667,569,1,301,94,109,109,5.1,3.6,0.274,1
79.000000,570,1,303,95,108,108,6.4,4.1,0.160,1
79.033333,571,1,303,98,107,107,6.9,3.9,0.149,1
79.066667,572,1,304,101,106,106,7.0,4.0,0.172,1
79.100000,573,1,303,100,110,110,7.6,4.3,0.171,1
79.133333,574,1,303,100,110,110,7.8,3.7,0.175,1
79.166667,575,1,304,101,110,110,8.2,4.8,0.174,1
79.200000,576,1,303,101,110,110,7.9,5.7,0.210,1
79.233333,577,1,304,100,110,110,7.4,5.9,0.166,1
79.266667,578,1,304,101,108,108,7.6,6.6,0.224,1
79.300000,579,1,304,102,109,109,7.5,6.9,0.221,1
79.333333,580,1,305,105,105,105,6.7,7.6,0.229,1
79.366667,581,1,307,107,104,104,7.5,7.2,0.230,1
79.400000,582,1,308,109,102,102,7.4,6.5,0.189,1
79.433333,583,1,309,108,102,102,7.5,6.9,0.311,0
79.466667,584,1,309,106,103,103,7.8,6.8,0.291,1
79.500000,585,1,310,106,101,101,8.0,6.9,0.265,1
79.533333,586,1,310,107,100,100,8.0,6.7,0.311,0
79.566667,587,1,311,108,99,99,8.1,7.0,0.239,1
79.600000,588,1,312,108,98,98,8.6,7.0,0.266,1
79.633333,589,1,313,108,98,98,8.8,7.0,0.300,1
79.666667,590,1,313,107,98,98,8.7,7.1,0.231,1
79.700000,591,1,314,107,98,98,8.9,5.9,0.222,1
79.733333,592,1,313,107,99,99,8.7,5.5,0.219,1
79.766667,593,1,312,107,99,99,8.8,5.3,0.210,1
79.800000,594,1,312,105,100,100,8.9,4.9,0.216,1
79.833333,595,1,312,102,103,103,9.1,4.6,0.211,1
79.866667,596,1,312,102,104,104,9.2,4.9,0.179,1
79.900000,597,1,312,102,104,104,8.8,4.4,0.234,1
79.933333,598,1,312,102,103,103,8.9,4.8,0.214,1
79.966667,599,1,312,102,104,104,9.3,4.4,0.349,0
80.000000,600,1,312,103,104,104,8.8,4.3,0.393,0
80.033333,601,1,311,103,105,105,8.8,4.3,0.313,0
80.066667,602,1,309,100,108,108,8.7,4.2,0.396,0
80.100000,603,1,308,101,110,110,8.5,3.6,0.428,0
80.133333,604,1,308,101,110,110,8.5,3.3,0.333,0
80.166667,605,1,307,103,109,109,8.1,3.4,0.289,1
80.200000,606,1,307,102,110,110,8.1,4.0,0.414,0
80.233333,607,1,307,101,110,110,7.8,4.0,0.416,0
80.266667,608,1,306,99,111,111,7.8,4.5,0.426,0
80.300000,609,1,306,99,111,111,7.8,4.0,0.428,0
80.333333,610,1,306,98,111,111,7.7,4.1,0.406,0
80.366667,611,1,306,99,110,110,7.7,4.1,0.429,0
80.400000,612,1,305,98,111,111,7.5,4.2,0.415,0
80.433333,613,1,305,99,112,112,7.4,3.9,0.423,0
80.466667,614,1,304,99,111,111,6.7,4.6,0.457,0
80.500000,615,1,303,99,110,110,6.1,3.9,0.565,0
80.533333,616,1,302,98,110,110,5.3,4.1,0.584,0
80.566667,617,1,302,98,110,110,4.7,3.9,0.585,0
80.600000,618,1,302,98,111,111,4.0,4.9,0.556,0
80.633333,619,1,303,96,110,110,3.5,3.4,0.444,0
80.666667,620,1,300,95,111,111,2.8,3.6,0.597,0
80.700000,621,1,301,95,109,109,1.6,3.4,0.817,0
80.733333,622,1,300,96,107,107,0.3,2.8,0.862,0
80.766667,623,1,298,95,109,109,-0.7,3.1,0.882,0
80.800000,624,1,296,95,111,111,-1.8,2.4,0.875,0
80.833333,625,1,297,94,109,109,-2.5,2.0,0.865,0
80.866667,626,1,296,94,111,111,-3.4,2.1,0.846,0
80.900000,627,1,296,94,107,107,-4.2,0.5,0.762,0
80.933333,628,1,298,95,106,106,-4.8,0.6,0.624,0
80.966667,629,1,294,92,110,110,-5.3,0.4,0.347,0
81.000000,630,1,291,91,113,113,-6.1,-0.1,0.332,0
81.033333,631,1,292,92,112,112,-6.2,0.6,0.373,0
81.066667,632,1,291,91,114,114,-6.6,0.8,0.393,0
81.100000,633,1,292,92,113,113,-6.6,1.2,0.371,0
81.133333,634,1,292,92,113,113,-6.6,1.2,0.364,0
81.166667,635,1,291,91,114,114,-6.5,1.3,0.364,0
81.200000,636,1,293,92,111,111,-6.1,1.5,0.364,0
81.233333,637,1,292,93,110,110,-6.3,1.5,0.349,0
81.266667,638,1,293,93,112,112,-6.3,1.9,0.326,0
81.300000,639,1,295,97,110,110,-6.4,2.3,0.307,0
81.333333,640,1,294,96,111,111,-6.6,2.3,0.294,1
81.366667,641,1,294,96,111,111,-6.5,2.3,0.286,1
81.400000,642,1,294,96,111,111,-6.4,2.6,0.318,0
81.433333,643,1,294,96,110,110,-6.1,2.6,0.305,0
81.466667,644,1,294,96,110,110,-5.7,2.6,0.282,1
81.500000,645,1,294,96,110,110,-5.8,2.3,0.269,1
81.533333,646,1,294,96,110,110,-5.9,2.6,0.282,1
81.566667,647,1,294,96,110,110,-5.9,2.6,0.294,1
81.600000,648,1,294,96,109,109,-6.0,2.3,0.287,1
81.633333,649,1,294,96,110,110,-5.8,2.9,0.273,1
81.666667,650,1,294,96,110,110,-6.0,2.9,0.256,1
81.700000,651,1,294,96,111,111,-6.0,2.9,0.217,1
81.733333,652,1,294,95,111,111,-6.3,2.3,0.270,1
81.766667,653,1,293,95,112,112,-6.6,2.6,0.257,1
81.800000,654,1,293,94,112,112,-6.5,2.4,0.279,1
81.833333,655,1,293,94,112,112,-6.3,2.6,0.284,1
81.866667,656,1,292,93,113,113,-6.4,2.3,0.277,1
81.900000,657,1,293,94,113,113,-6.5,2.5,0.282,1
81.933333,658,1,294,95,111,111,-6.4,2.5,0.328,0
81.966667,659,1,293,94,111,111,-6.4,2.6,0.307,0
82.000000,660,1,292,93,113,113,-6.1,3.0,0.321,0
82.033333,661,1,292,93,112,112,-5.8,2.9,0.327,0
82.066667,662,1,293,94,110,110,-5.5,2.8,0.305,0
82.100000,663,1,294,95,109,109,-5.6,3.2,0.306,0
82.133333,664,1,293,96,110,110,-5.6,3.5,0.312,0
82.166667,665,1,294,96,110,110,-5.4,3.6,0.286,1
82.200000,666,1,293,96,110,110,-5.5,3.6,0.313,0
82.233333,667,1,294,96,109,109,-5.3,3.9,0.268,1
82.266667,668,1,294,95,109,109,-5.1,3.5,0.279,1
82.300000,669,1,294,95,110,110,-5.1,3.7,0.309,0
82.333333,670,1,295,97,108,108,-5.2,3.4,0.290,1
82.366667,671,1,296,98,109,109,-4.8,3.6,0.307,0
82.400000,672,1,296,98,110,110,-4.4,3.9,0.258,1
82.433333,673,1,297,100,107,107,-4.4,4.0,0.274,1
82.466667,674,1,294,100,109,109,-4.4,4.4,0.227,1
82.500000,675,1,296,100,109,109,-4.1,4.3,0.230,1
82.533333,676,1,297,99,108,108,-3.6,4.6,0.185,1
82.566667,677,1,298,99,108,108,-3.3,4.7,0.200,1
82.600000,678,1,298,99,108,108,-3.0,4.6,0.173,1
82.633333,679,1,297,98,109,109,-3.1,4.5,0.169,1
82.666667,680,1,297,97,109,109,-3.2,4.3,0.193,1
82.700000,681,1,296,97,110,110,-3.1,4.3,0.188,1
82.733333,682,1,297,97,110,110,-2.7,4.1,0.204,1
82.766667,683,1,295,94,114,114,-2.8,4.1,0.196,1
82.800000,684,1,295,94,114,114,-2.8,4.2,0.175,1
82.833333,685,1,295,95,113,113,-2.7,4.4,0.191,1
82.866667,686,1,294,94,115,115,-2.9,3.6,0.173,1
82.900000,687,1,294,94,115,115,-2.7,3.7,0.196,1
82.933333,688,1,294,94,116,116,-2.2,4.0,0.180,1
82.966667,689,1,294,93,117,117,-2.4,4.1,0.193,1
83.000000,690,1,293,94,118,118,-2.0,4.4,0.180,1
83.033333,691,1,294,95,117,117,-1.6,4.9,0.197,1
83.066667,692,1,293,93,120,120,-1.8,5.2,0.170,1
83.100000,693,1,293,93,119,119,-2.1,5.3,0.181,1
83.133333,694,1,294,96,115,115,-2.2,5.1,0.169,1
83.166667,695,1,295,96,114,114,-2.0,5.5,0.182,1
83.200000,696,1,291,95,117,117,-1.8,5.9,0.180,1
83.233333,697,1,292,98,116,116,-1.4,6.1,0.162,1
83.266667,698,1,291,99,116,116,-1.1,6.0,0.131,1
83.300000,699,1,292,99,115,115,-1.0,7.1,0.220,1
83.333333,700,1,293,99,114,114,-1.4,7.0,0.241,1
83.366667,701,1,293,100,114,114,-1.6,6.7,0.182,1
83.400000,702,1,293,100,114,114,-2.0,6.4,0.213,1
83.433333,703,1,293,99,113,113,-2.3,5.8,0.218,1
83.466667,704,1,292,98,115,115,-2.4,6.4,0.225,1
83.500000,705,1,292,97,115,115,-2.5,5.9,0.195,1
83.533333,706,1,292,97,116,116,-2.2,5.7,0.208,1
83.566667,707,1,292,98,115,115,-2.2,6.2,0.168,1
83.600000,708,1,293,98,115,115,-1.9,6.6,0.202,1
83.633333,709,1,293,98,115,115,-2.0,6.6,0.217,1
83.666667,710,1,292,98,116,116,-1.9,5.9,0.172,1
83.700000,711,1,291,98,117,117,-2.1,5.9,0.149,1
83.733333,712,1,290,98,118,118,-2.3,6.1,0.200,1
83.766667,713,1,290,97,118,118,-2.5,5.7,0.182,1
83.800000,714,1,291,98,117,117,-2.4,6.2,0.210,1
83.833333,715,1,291,99,116,116,-2.2,6.8,0.240,1
83.866667,716,1,292,100,115,115,-2.0,6.6,0.194,1
83.900000,717,1,292,100,115,115,-1.8,6.8,0.177,1
83.933333,718,1,291,99,116,116,-1.8,6.3,0.235,1
83.966667,719,1,291,99,117,117,-1.9,6.2,0.226,1
84.000000,720,1,292,99,117,117,-1.6,6.8,0.172,1
84.033333,721,1,291,98,118,118,-1.7,6.6,0.218,1
84.066667,722,1,291,97,120,120,-1.6,6.6,0.241,1
84.100000,723,1,292,96,121,121,-1.3,6.3,0.195,1
84.133333,724,1,291,95,122,122,-1.2,6.4,0.320,0
84.166667,725,1,291,95,123,123,-1.0,6.0,0.542,0
84.200000,726,1,292,95,124,124,-0.8,5.9,0.600,0
84.233333,727,1,291,95,124,124,-0.9,5.4,0.568,0
84.266667,728,1,292,95,123,123,-0.7,5.6,0.603,0
84.300000,729,1,292,95,123,123,-0.7,5.6,0.643,0
84.333333,730,1,293,97,121,121,-0.4,5.8,0.628,0
84.366667,731,1,294,97,120,120,-0.5,5.6,0.691,0
84.400000,732,1,295,97,120,120,-0.3,5.8,0.720,0
84.433333,733,1,296,97,119,119,-0.2,5.7,0.707,0
84.466667,734,1,295,98,119,119,-0.3,5.8,0.738,0
84.500000,735,1,297,98,117,117,0.2,5.9,0.731,0
84.533333,736,1,299,99,114,114,0.6,5.3,0.724,0
84.566667,737,1,300,99,113,113,1.2,4.6,0.706,0
84.600000,738,1,299,98,115,115,1.9,4.5,0.683,0
84.633333,739,1,299,97,117,117,2.8,4.7,0.690,0
84.666667,740,1,298,97,117,117,3.4,4.6,0.686,0
84.700000,741,1,297,96,117,117,3.8,4.0,0.635,0
84.733333,742,1,299,96,115,115,4.3,4.4,0.570,0
84.766667,743,1,299,95,114,114,4.5,4.2,0.611,0
84.800000,744,1,299,95,113,113,4.0,4.1,0.574,0
84.833333,745,1,299,95,113,113,4.5,4.0,0.572,0
84.866667,746,1,297,93,116,116,4.3,3.7,0.549,0
84.900000,747,1,298,94,116,116,5.0,4.2,0.562,0
84.933333,748,1,298,95,114,114,5.0,4.4,0.521,0
84.966667,749,1,298,96,112,112,4.9,4.6,0.532,0
85.000000,750,1,294,93,119,119,4.5,4.2,0.506,0
85.033333,751,1,294,95,118,118,4.1,4.6,0.495,0
85.066667,752,1,293,96,119,119,3.8,4.4,0.500,0
85.100000,753,1,293,96,120,120,3.5,4.3,0.441,0
85.133333,754,1,293,96,119,119,3.4,4.7,0.500,0
85.166667,755,1,293,96,119,119,3.4,5.4,0.431,0
85.200000,756,1,294,96,119,119,3.6,5.5,0.470,0
85.233333,757,1,294,96,119,119,3.6,5.5,0.473,0
85.266667,758,1,293,94,122,122,4.3,5.4,0.462,0
85.300000,759,1,292,94,123,123,4.4,5.4,0.466,0
85.333333,760,1,295,95,119,119,4.3,4.7,0.516,0
85.366667,761,1,295,93,118,118,4.0,4.0,0.424,0
85.400000,762,1,298,94,114,114,3.8,3.8,0.488,0
85.433333,763,1,300,94,113,113,3.8,3.6,0.567,0
85.466667,764,1,300,94,112,112,3.3,2.5,0.554,0
85.500000,765,1,301,94,111,111,3.0,1.6,0.602,0
85.533333,766,1,301,93,112,112,3.0,1.4,0.550,0
85.566667,767,1,303,93,112,112,3.0,0.7,0.553,0
85.600000,768,1,303,93,113,113,3.3,1.0,0.570,0
85.633333,769,1,304,93,112,112,3.3,0.6,0.610,0
85.666667,770,1,304,93,113,113,3.0,0.8,0.601,0
85.700000,771,1,304,93,114,114,2.8,0.7,0.614,0
85.733333,772,1,305,94,114,114,2.5,1.2,0.651,0
85.766667,773,1,305,94,114,114,2.1,1.4,0.574,0
85.800000,774,1,306,96,113,113,2.0,2.0,0.598,0
85.833333,775,1,307,96,112,112,2.1,2.1,0.613,0
85.866667,776,1,306,96,113,113,1.4,2.3,0.485,0
85.900000,777,1,306,96,114,114,1.7,2.9,0.502,0
85.933333,778,1,305,96,115,115,1.2,2.9,0.551,0
85.966667,779,1,304,95,117,117,1.6,3.3,0.486,0
86.000000,780,1,304,95,118,118,1.1,3.5,0.486,0
86.033333,781,1,304,95,117,117,1.0,3.8,0.453,0
86.066667,782,1,305,96,117,117,0.9,4.1,0.491,0
86.100000,783,1,304,95,118,118,0.8,4.1,0.456,0
86.133333,784,1,304,96,117,117,0.3,4.2,0.442,0
86.166667,785,1,305,97,116,116,-0.3,4.1,0.510,0
86.200000,786,1,304,97,117,117,-0.9,4.4,0.402,0
86.233333,787,1,303,97,117,117,-1.4,4.2,0.306,0
86.266667,788,1,303,97,117,117,-1.4,5.1,0.276,1
86.300000,789,1,302,97,117,117,-1.9,5.4,0.269,1
86.333333,790,1,302,97,117,117,-2.3,5.2,0.224,1
86.366667,791,1,302,95,116,116,-2.8,4.5,0.270,1
86.400000,792,1,303,95,114,114,-2.7,3.9,0.368,0
86.433333,793,1,303,95,114,114,-2.6,3.9,0.351,0
86.466667,794,1,304,95,112,112,-3.1,4.0,0.784,0
86.500000,795,1,304,95,112,112,-3.1,3.8,0.825,0
86.533333,796,1,304,95,113,113,-2.8,3.6,0.830,0
86.566667,797,1,304,94,115,115,-2.8,3.4,0.792,0
86.600000,798,1,302,93,117,117,-3.4,3.4,0.633,0
86.633333,799,1,302,94,117,117,-3.5,3.1,0.312,0
86.666667,800,1,302,93,117,117,-3.6,2.5,0.254,1
86.700000,801,1,303,93,116,116,-3.7,3.1,0.271,1
86.733333,802,1,303,93,117,117,-3.8,3.4,0.240,1
86.766667,803,1,303,93,118,118,-3.4,3.4,0.249,1
86.800000,804,1,302,92,118,118,-3.5,3.3,0.245,1
86.833333,805,1,302,92,118,118,-3.1,3.4,0.233,1
86.866667,806,1,302,93,118,118,-3.1,3.7,0.248,1
86.900000,807,1,303,93,117,117,-3.1,3.5,0.235,1
86.933333,808,1,303,94,117,117,-2.9,3.8,0.244,1
86.966667,809,1,304,95,115,115,-3.0,4.1,0.239,1
87.000000,810,1,305,96,113,113,-3.0,4.2,0.193,1
87.033333,811,1,304,96,114,114,-3.0,4.3,0.187,1
87.066667,812,1,305,96,113,113,-2.8,3.7,0.259,1
87.100000,813,1,304,95,115,115,-2.6,4.0,0.189,1
87.133333,814,1,303,94,116,116,-2.3,3.0,0.179,1
87.166667,815,1,304,95,115,115,-2.3,3.2,0.182,1
87.200000,816,1,304,95,115,115,-2.4,3.1,0.196,1
87.233333,817,1,305,95,115,115,-2.5,3.4,0.178,1
87.266667,818,1,306,95,114,114,-2.8,3.1,0.169,1
87.300000,819,1,306,94,114,114,-2.8,3.6,0.161,1
87.333333,820,1,306,94,115,115,-3.1,3.3,0.172,1
87.366667,821,1,305,94,115,115,-3.3,3.7,0.178,1
87.400000,822,1,306,94,116,116,-3.2,3.4,0.185,1
87.433333,823,1,307,95,114,114,-3.5,3.8,0.178,1
87.466667,824,1,308,95,113,113,-4.1,3.5,0.206,1
87.500000,825,1,308,94,113,113,-4.6,3.1,0.259,1
87.533333,826,1,309,94,114,114,-5.7,3.2,0.354,0
87.566667,827,1,309,93,114,114,-7.0,2.9,0.306,0
87.600000,828,1,308,96,112,112,-9.4,3.4,0.423,0
87.633333,829,1,308,96,113,113,-9.4,3.4,0.445,0
87.666667,830,1,309,100,110,110,-10.5,3.0,0.490,0
87.700000,831,1,308,100,110,110,-10.9,3.8,0.532,0
87.733333,832,1,310,102,108,108,-11.5,4.4,0.591,0
87.766667,833,1,308,102,108,108,-12.6,5.2,0.692,0
87.800000,834,1,310,106,107,107,-12.7,6.2,0.721,0
87.833333,835,1,308,104,109,109,-13.1,6.0,0.649,0
87.866667,836,1,306,104,111,111,-13.7,6.8,0.737,0
87.900000,837,1,305,103,113,113,-13.8,7.0,0.762,0
87.933333,838,1,305,103,113,113,-13.5,6.8,0.733,0
87.966667,839,1,307,104,111,111,-13.2,6.9,0.741,0
88.000000,840,1,311,106,106,106,-12.5,5.9,0.683,0
88.033333,841,1,311,106,106,106,-12.5,5.8,0.679,0
88.066667,842,1,311,105,106,106,-12.4,5.6,0.714,0
88.100000,843,1,312,105,105,105,-12.2,5.7,0.672,0
88.133333,844,1,311,105,105,105,-11.9,5.9,0.678,0
88.166667,845,1,311,105,106,106,-11.9,5.7,0.699,0
88.200000,846,1,310,103,108,108,-11.7,4.7,0.658,0
88.233333,847,1,310,103,107,107,-11.6,4.8,0.661,0
88.266667,848,1,310,103,107,107,-11.4,4.9,0.658,0
88.300000,849,1,310,104,107,107,-11.6,5.2,0.649,0
88.333333,850,1,310,103,107,107,-11.6,5.3,0.647,0
88.366667,851,1,310,103,108,108,-11.5,6.1,0.616,0
88.400000,852,1,306,104,110,110,-11.4,7.3,0.690,0
88.433333,853,1,306,104,110,110,-11.4,7.4,0.688,0
88.466667,854,1,305,103,111,111,-11.3,7.2,0.631,0
88.500000,855,1,305,102,112,112,-11.0,7.3,0.574,0
88.533333,856,1,306,102,112,112,-11.1,6.5,0.573,0
88.566667,857,1,307,102,111,111,-11.1,6.1,0.608,0
88.600000,858,1,307,103,109,109,-11.2,6.0,0.604,0
88.633333,859,1,308,103,108,108,-11.4,5.6,0.642,0
88.666667,860,1,307,102,110,110,-11.4,6.0,0.619,0
88.700000,861,1,306,101,113,113,-11.3,6.1,0.597,0
88.733333,862,1,305,102,113,113,-11.2,6.7,0.564,0
88.766667,863,1,305,103,112,112,-11.1,6.8,0.545,0
88.800000,864,1,306,102,112,112,-11.4,6.9,0.627,0
88.833333,865,1,309,103,109,109,-11.2,6.0,0.570,0
88.866667,866,1,309,103,107,107,-11.3,5.5,0.608,0
88.900000,867,1,306,102,109,109,-11.4,5.2,0.598,0
88.933333,868,1,306,100,111,111,-11.2,4.2,0.591,0
88.966667,869,1,305,99,112,112,-11.2,3.8,0.589,0
89.000000,870,1,306,100,113,113,-10.8,4.2,0.564,0
89.033333,871,1,306,100,112,112,-10.8,4.1,0.598,0
89.066667,872,1,306,100,112,112,-10.8,4.6,0.609,0
89.100000,873,1,305,101,111,111,-11.0,4.3,0.644,0
89.133333,874,1,306,101,111,111,-10.7,4.5,0.633,0
89.166667,875,1,305,101,111,111,-10.7,4.3,0.635,0
89.200000,876,1,306,101,111,111,-10.4,4.4,0.614,0
89.233333,877,1,306,101,111,111,-10.3,4.6,0.642,0
89.266667,878,1,306,100,111,111,-10.4,4.2,0.642,0
89.300000,879,1,306,100,111,111,-10.4,4.1,0.602,0
89.333333,880,1,307,100,111,111,-10.2,4.0,0.604,0
89.366667,881,1,308,100,111,111,-10.2,3.3,0.563,0
89.400000,882,1,309,100,110,110,-10.3,3.0,0.538,0
89.433333,883,1,310,101,109,109,-10.3,2.8,0.602,0
89.466667,884,1,310,100,108,108,-10.1,2.2,0.558,0
89.500000,885,1,310,99,109,109,-10.1,2.4,0.547,0
89.533333,886,1,307,97,113,113,-10.0,1.4,0.540,0
89.566667,887,1,310,99,109,109,-10.0,1.4,0.484,0
89.600000,888,1,312,99,107,107,-9.5,0.6,0.475,0
89.633333,889,1,312,99,107,107,-9.5,-0.3,0.496,0
89.666667,890,1,312,97,107,107,-9.1,-1.6,0.499,0
89.700000,891,1,312,97,106,106,-8.7,-3.5,0.452,0
89.733333,892,1,313,97,104,104,-8.4,-3.9,0.419,0
89.766667,893,1,314,96,103,103,-8.8,-4.6,0.480,0
89.800000,894,1,315,95,101,101,-8.9,-5.4,0.551,0
89.833333,895,1,316,97,100,100,-8.8,-4.9,0.815,0
89.866667,896,1,316,97,100,100,-8.8,-5.0,0.841,0
89.900000,897,1,317,97,100,100,-8.9,-5.1,0.857,0
89.933333,898,1,317,97,100,100,-8.5,-5.2,0.847,0
89.966667,899,1,315,96,102,102,-8.5,-4.6,0.849,0
90.000000,900,1,313,95,107,107,-8.5,-3.9,0.806,0
