timestamp_seconds,frame_idx,face_id,x,y,w,h,emotion,emotion_score,p_neutral,p_happiness,p_surprise,p_sadness,p_anger,p_disgust,p_fear,p_contempt
60.000000,1800,1,303,110,121,121,neutral,0.9835,0.9835,0.0014,0.0003,0.0109,0.0010,0.0001,0.0000,0.0027
60.033333,1801,1,300,108,124,124,neutral,0.9852,0.9852,0.0013,0.0007,0.0082,0.0015,0.0002,0.0000,0.0028
60.066667,1802,1,301,107,124,124,neutral,0.9771,0.9771,0.0010,0.0039,0.0132,0.0017,0.0002,0.0002,0.0027
60.100000,1803,1,301,107,124,124,neutral,0.9764,0.9764,0.0010,0.0042,0.0136,0.0018,0.0002,0.0002,0.0027
60.133333,1804,1,298,108,125,125,neutral,0.9659,0.9659,0.0010,0.0053,0.0209,0.0030,0.0004,0.0004,0.0032
60.166667,1805,1,298,107,126,126,neutral,0.9666,0.9666,0.0017,0.0108,0.0144,0.0025,0.0004,0.0005,0.0032
60.200000,1806,1,298,107,127,127,neutral,0.9583,0.9583,0.0017,0.0169,0.0154,0.0030,0.0005,0.0008,0.0034
60.233333,1807,1,297,107,127,127,neutral,0.9645,0.9645,0.0018,0.0092,0.0173,0.0024,0.0004,0.0006,0.0038
60.266667,1808,1,297,107,127,127,neutral,0.9711,0.9711,0.0016,0.0037,0.0178,0.0017,0.0003,0.0003,0.0037
60.300000,1809,1,297,107,126,126,neutral,0.9714,0.9714,0.0022,0.0027,0.0180,0.0014,0.0003,0.0002,0.0038
60.333333,1810,1,298,107,125,125,neutral,0.9748,0.9748,0.0015,0.0050,0.0138,0.0014,0.0002,0.0003,0.0030
60.366667,1811,1,298,108,124,124,neutral,0.9791,0.9791,0.0011,0.0022,0.0121,0.0020,0.0002,0.0001,0.0031
60.400000,1812,1,298,108,125,125,neutral,0.9823,0.9823,0.0012,0.0018,0.0100,0.0015,0.0002,0.0001,0.0029
60.433333,1813,1,298,107,126,126,neutral,0.9799,0.9799,0.0012,0.0024,0.0121,0.0012,0.0002,0.0001,0.0029
60.466667,1814,1,298,108,125,125,neutral,0.9840,0.9840,0.0008,0.0013,0.0096,0.0014,0.0002,0.0001,0.0026
60.500000,1815,1,297,108,126,126,neutral,0.9807,0.9807,0.0007,0.0012,0.0120,0.0019,0.0002,0.0001,0.0032
60.533333,1816,1,298,107,126,126,neutral,0.9815,0.9815,0.0010,0.0015,0.0119,0.0011,0.0001,0.0001,0.0027
60.566667,1817,1,298,108,125,125,neutral,0.9847,0.9847,0.0007,0.0007,0.0100,0.0012,0.0001,0.0000,0.0025
60.600000,1818,1,297,107,126,126,neutral,0.9809,0.9809,0.0011,0.0016,0.0117,0.0014,0.0002,0.0001,0.0031
60.633333,1819,1,297,107,125,125,neutral,0.9793,0.9793,0.0011,0.0010,0.0140,0.0014,0.0002,0.0001,0.0031
60.666667,1820,1,298,108,124,124,neutral,0.9840,0.9840,0.0007,0.0006,0.0114,0.0009,0.0001,0.0000,0.0024
60.700000,1821,1,299,108,123,123,neutral,0.9854,0.9854,0.0010,0.0007,0.0092,0.0010,0.0001,0.0000,0.0025
60.733333,1822,1,298,105,125,125,neutral,0.9703,0.9703,0.0011,0.0029,0.0200,0.0017,0.0003,0.0002,0.0035
60.766667,1823,1,296,104,126,126,neutral,0.9656,0.9656,0.0014,0.0037,0.0235,0.0016,0.0003,0.0003,0.0035
60.800000,1824,1,296,106,124,124,neutral,0.9482,0.9482,0.0012,0.0016,0.0435,0.0014,0.0003,0.0002,0.0036
60.833333,1825,1,296,107,123,123,neutral,0.9384,0.9384,0.0013,0.0017,0.0529,0.0015,0.0003,0.0003,0.0036
60.866667,1826,1,295,107,123,123,neutral,0.9255,0.9255,0.0010,0.0014,0.0662,0.0017,0.0003,0.0002,0.0036
60.900000,1827,1,295,109,121,121,neutral,0.9380,0.9380,0.0008,0.0003,0.0554,0.0012,0.0002,0.0001,0.0041
60.933333,1828,1,295,110,121,121,neutral,0.9304,0.9304,0.0005,0.0002,0.0633,0.0014,0.0002,0.0001,0.0039
60.966667,1829,1,294,108,123,123,neutral,0.8901,0.8901,0.0006,0.0004,0.1020,0.0019,0.0004,0.0001,0.0046
61.000000,1830,1,296,110,121,121,neutral,0.8794,0.8794,0.0015,0.0006,0.1083,0.0022,0.0006,0.0002,0.0072
61.033333,1831,1,291,110,124,124,neutral,0.8739,0.8739,0.0009,0.0012,0.1117,0.0037,0.0009,0.0005,0.0072
61.066667,1832,1,290,110,128,128,neutral,0.8103,0.8103,0.0018,0.0035,0.1466,0.0207,0.0045,0.0015,0.0111
61.100000,1833,1,289,110,128,128,neutral,0.8711,0.8711,0.0014,0.0017,0.1113,0.0057,0.0012,0.0006,0.0071
61.133333,1834,1,291,113,125,125,neutral,0.8307,0.8307,0.0032,0.0053,0.1344,0.0093,0.0030,0.0023,0.0118
61.166667,1835,1,292,114,124,124,neutral,0.8752,0.8752,0.0039,0.0020,0.1010,0.0055,0.0016,0.0008,0.0100
61.200000,1836,1,291,114,125,125,neutral,0.8752,0.8752,0.0030,0.0030,0.0976,0.0085,0.0021,0.0010,0.0096
61.233333,1837,1,290,113,125,125,neutral,0.8661,0.8661,0.0012,0.0008,0.1195,0.0046,0.0010,0.0003,0.0065
61.266667,1838,1,290,113,126,126,neutral,0.8999,0.8999,0.0008,0.0008,0.0830,0.0070,0.0011,0.0003,0.0071
61.300000,1839,1,290,112,126,126,neutral,0.9220,0.9220,0.0003,0.0003,0.0696,0.0029,0.0004,0.0001,0.0045
61.333333,1840,1,290,113,125,125,neutral,0.8953,0.8953,0.0004,0.0004,0.0924,0.0049,0.0007,0.0002,0.0058
61.366667,1841,1,291,114,124,124,neutral,0.9423,0.9423,0.0007,0.0003,0.0484,0.0031,0.0004,0.0001,0.0047
61.400000,1842,1,291,114,124,124,neutral,0.9406,0.9406,0.0006,0.0002,0.0509,0.0027,0.0004,0.0001,0.0046
61.433333,1843,1,291,112,124,124,neutral,0.9174,0.9174,0.0003,0.0003,0.0732,0.0034,0.0005,0.0001,0.0049
61.466667,1844,1,292,112,123,123,neutral,0.9259,0.9259,0.0006,0.0004,0.0633,0.0038,0.0006,0.0001,0.0054
61.500000,1845,1,293,111,122,122,neutral,0.9141,0.9141,0.0007,0.0004,0.0736,0.0035,0.0006,0.0001,0.0069
61.533333,1846,1,294,111,120,120,neutral,0.9415,0.9415,0.0010,0.0004,0.0469,0.0032,0.0005,0.0001,0.0064
61.566667,1847,1,295,112,119,119,neutral,0.9343,0.9343,0.0007,0.0002,0.0574,0.0018,0.0003,0.0001,0.0053
61.600000,1848,1,298,113,115,115,neutral,0.9621,0.9621,0.0010,0.0002,0.0311,0.0012,0.0002,0.0000,0.0042
61.633333,1849,1,296,108,118,118,neutral,0.9705,0.9705,0.0007,0.0002,0.0241,0.0008,0.0001,0.0000,0.0036
61.666667,1850,1,295,105,123,123,neutral,0.9662,0.9662,0.0025,0.0010,0.0234,0.0007,0.0002,0.0002,0.0057
61.700000,1851,1,297,105,120,120,neutral,0.9660,0.9660,0.0004,0.0013,0.0281,0.0007,0.0001,0.0002,0.0031
61.733333,1852,1,298,105,120,120,neutral,0.9648,0.9648,0.0006,0.0088,0.0197,0.0015,0.0003,0.0007,0.0036
61.766667,1853,1,297,101,124,124,neutral,0.9586,0.9586,0.0004,0.0049,0.0304,0.0014,0.0003,0.0005,0.0036
61.800000,1854,1,298,100,122,122,neutral,0.9658,0.9658,0.0002,0.0016,0.0280,0.0013,0.0002,0.0002,0.0028
61.833333,1855,1,299,101,123,123,neutral,0.9701,0.9701,0.0003,0.0032,0.0214,0.0016,0.0002,0.0003,0.0029
61.866667,1856,1,304,103,120,120,neutral,0.9754,0.9754,0.0004,0.0053,0.0136,0.0018,0.0002,0.0004,0.0028
61.900000,1857,1,306,103,118,118,neutral,0.9816,0.9816,0.0002,0.0036,0.0104,0.0016,0.0002,0.0002,0.0021
61.933333,1858,1,305,101,120,120,neutral,0.9734,0.9734,0.0003,0.0073,0.0142,0.0013,0.0002,0.0005,0.0027
61.966667,1859,1,304,99,122,122,neutral,0.9722,0.9722,0.0003,0.0084,0.0139,0.0014,0.0002,0.0006,0.0029
62.000000,1860,1,308,93,120,120,neutral,0.9872,0.9872,0.0002,0.0027,0.0066,0.0012,0.0001,0.0001,0.0020
62.033333,1861,1,308,94,119,119,neutral,0.9698,0.9698,0.0002,0.0168,0.0087,0.0014,0.0002,0.0007,0.0023
62.066667,1862,1,310,92,119,119,neutral,0.9883,0.9883,0.0001,0.0034,0.0054,0.0010,0.0001,0.0001,0.0016
62.100000,1863,1,313,95,114,114,neutral,0.9893,0.9893,0.0001,0.0020,0.0067,0.0006,0.0001,0.0001,0.0012
62.133333,1864,1,315,95,113,113,neutral,0.9857,0.9857,0.0001,0.0037,0.0081,0.0006,0.0001,0.0001,0.0016
62.166667,1865,1,314,94,113,113,neutral,0.9880,0.9880,0.0001,0.0026,0.0069,0.0008,0.0001,0.0001,0.0015
62.200000,1866,1,313,93,115,115,neutral,0.9880,0.9880,0.0001,0.0025,0.0066,0.0011,0.0001,0.0001,0.0016
62.233333,1867,1,313,92,116,116,neutral,0.9918,0.9918,0.0001,0.0018,0.0040,0.0010,0.0001,0.0001,0.0013
62.266667,1868,1,315,93,115,115,neutral,0.9832,0.9832,0.0001,0.0066,0.0069,0.0011,0.0001,0.0002,0.0018
62.300000,1869,1,316,93,116,116,neutral,0.9894,0.9894,0.0001,0.0018,0.0064,0.0008,0.0001,0.0001,0.0014
62.333333,1870,1,316,96,115,115,neutral,0.9827,0.9827,0.0001,0.0071,0.0076,0.0006,0.0001,0.0003,0.0015
62.366667,1871,1,315,97,116,116,neutral,0.9846,0.9846,0.0001,0.0085,0.0040,0.0011,0.0001,0.0002,0.0014
62.400000,1872,1,315,99,115,115,neutral,0.9798,0.9798,0.0001,0.0129,0.0036,0.0013,0.0001,0.0003,0.0017
62.433333,1873,1,316,101,113,113,neutral,0.9910,0.9910,0.0001,0.0022,0.0040,0.0011,0.0001,0.0001,0.0015
62.466667,1874,1,315,98,117,117,neutral,0.9908,0.9908,0.0001,0.0005,0.0053,0.0013,0.0001,0.0000,0.0018
62.500000,1875,1,317,101,114,114,neutral,0.9908,0.9908,0.0002,0.0009,0.0045,0.0013,0.0001,0.0000,0.0021
62.533333,1876,1,321,104,110,110,neutral,0.9922,0.9922,0.0002,0.0002,0.0045,0.0010,0.0001,0.0000,0.0019
62.566667,1877,1,323,105,108,108,neutral,0.9929,0.9929,0.0002,0.0001,0.0045,0.0007,0.0000,0.0000,0.0015
62.600000,1878,1,324,104,108,108,neutral,0.9928,0.9928,0.0001,0.0004,0.0047,0.0007,0.0000,0.0000,0.0013
62.633333,1879,1,325,105,107,107,neutral,0.9897,0.9897,0.0001,0.0009,0.0071,0.0007,0.0001,0.0000,0.0014
62.666667,1880,1,324,103,109,109,neutral,0.9921,0.9921,0.0001,0.0003,0.0050,0.0010,0.0001,0.0000,0.0015
62.700000,1881,1,326,103,109,109,neutral,0.9909,0.9909,0.0001,0.0003,0.0059,0.0010,0.0001,0.0000,0.0017
62.733333,1882,1,326,102,110,110,neutral,0.9846,0.9846,0.0002,0.0002,0.0109,0.0013,0.0001,0.0000,0.0027
62.766667,1883,1,325,100,113,113,neutral,0.9812,0.9812,0.0002,0.0001,0.0147,0.0011,0.0001,0.0000,0.0026
62.800000,1884,1,326,99,114,114,neutral,0.9769,0.9769,0.0003,0.0001,0.0170,0.0019,0.0002,0.0000,0.0036
62.833333,1885,1,325,99,115,115,neutral,0.9504,0.9504,0.0003,0.0001,0.0424,0.0023,0.0003,0.0000,0.0042
62.866667,1886,1,326,98,116,116,neutral,0.9509,0.9509,0.0003,0.0001,0.0429,0.0018,0.0002,0.0000,0.0038
62.900000,1887,1,326,97,116,116,neutral,0.9369,0.9369,0.0002,0.0002,0.0576,0.0016,0.0002,0.0000,0.0033
62.933333,1888,1,326,98,115,115,neutral,0.9202,0.9202,0.0001,0.0002,0.0742,0.0018,0.0002,0.0000,0.0032
62.966667,1889,1,327,100,113,113,neutral,0.8886,0.8886,0.0001,0.0002,0.1068,0.0012,0.0002,0.0000,0.0028
63.000000,1890,1,327,100,113,113,neutral,0.8962,0.8962,0.0001,0.0002,0.0993,0.0013,0.0002,0.0000,0.0028
63.033333,1891,1,328,99,112,112,neutral,0.9149,0.9149,0.0001,0.0002,0.0811,0.0011,0.0001,0.0000,0.0025
63.066667,1892,1,326,99,114,114,neutral,0.9279,0.9279,0.0001,0.0002,0.0676,0.0013,0.0002,0.0000,0.0026
63.100000,1893,1,326,99,115,115,neutral,0.9691,0.9691,0.0001,0.0001,0.0260,0.0021,0.0002,0.0000,0.0024
63.133333,1894,1,326,96,119,119,neutral,0.9807,0.9807,0.0001,0.0002,0.0154,0.0014,0.0001,0.0000,0.0021
63.166667,1895,1,328,95,116,116,neutral,0.9863,0.9863,0.0001,0.0002,0.0105,0.0009,0.0001,0.0000,0.0019
63.200000,1896,1,328,95,116,116,neutral,0.9905,0.9905,0.0001,0.0003,0.0064,0.0010,0.0001,0.0000,0.0016
63.233333,1897,1,324,91,122,122,neutral,0.9851,0.9851,0.0002,0.0013,0.0100,0.0010,0.0001,0.0001,0.0021
63.266667,1898,1,328,94,115,115,neutral,0.9885,0.9885,0.0001,0.0012,0.0074,0.0009,0.0001,0.0001,0.0017
63.300000,1899,1,330,95,114,114,neutral,0.9940,0.9940,0.0002,0.0006,0.0033,0.0006,0.0000,0.0000,0.0013
63.333333,1900,1,328,94,115,115,neutral,0.9926,0.9926,0.0001,0.0006,0.0048,0.0006,0.0000,0.0000,0.0012
63.366667,1901,1,329,93,114,114,neutral,0.9908,0.9908,0.0001,0.0007,0.0057,0.0009,0.0001,0.0000,0.0017
63.400000,1902,1,329,93,113,113,neutral,0.9905,0.9905,0.0001,0.0011,0.0059,0.0009,0.0001,0.0000,0.0014
63.433333,1903,1,330,93,113,113,neutral,0.9897,0.9897,0.0001,0.0008,0.0068,0.0009,0.0001,0.0000,0.0016
63.466667,1904,1,330,92,112,112,neutral,0.9875,0.9875,0.0001,0.0005,0.0095,0.0008,0.0001,0.0000,0.0015
63.500000,1905,1,330,92,112,112,neutral,0.9863,0.9863,0.0001,0.0005,0.0107,0.0009,0.0001,0.0000,0.0015
63.533333,1906,1,330,92,112,112,neutral,0.9882,0.9882,0.0001,0.0004,0.0094,0.0007,0.0001,0.0000,0.0012
63.566667,1907,1,331,92,112,112,neutral,0.9911,0.9911,0.0001,0.0007,0.0066,0.0005,0.0000,0.0000,0.0010
63.600000,1908,1,331,93,111,111,neutral,0.9902,0.9902,0.0001,0.0010,0.0070,0.0007,0.0001,0.0000,0.0010
63.633333,1909,1,331,93,111,111,neutral,0.9905,0.9905,0.0001,0.0005,0.0070,0.0007,0.0001,0.0000,0.0011
63.666667,1910,1,331,93,112,112,neutral,0.9900,0.9900,0.0001,0.0003,0.0078,0.0007,0.0001,0.0000,0.0011
63.700000,1911,1,330,93,112,112,neutral,0.9872,0.9872,0.0000,0.0002,0.0105,0.0008,0.0001,0.0000,0.0012
63.733333,1912,1,330,93,112,112,neutral,0.9876,0.9876,0.0000,0.0002,0.0100,0.0009,0.0001,0.0000,0.0012
63.766667,1913,1,329,93,112,112,neutral,0.9877,0.9877,0.0001,0.0001,0.0098,0.0009,0.0001,0.0000,0.0013
63.800000,1914,1,330,93,113,113,neutral,0.9886,0.9886,0.0001,0.0002,0.0091,0.0007,0.0001,0.0000,0.0012
63.833333,1915,1,330,92,113,113,neutral,0.9858,0.9858,0.0001,0.0013,0.0107,0.0005,0.0001,0.0001,0.0014
63.866667,1916,1,330,92,112,112,neutral,0.9879,0.9879,0.0001,0.0010,0.0087,0.0007,0.0001,0.0001,0.0014
63.900000,1917,1,329,92,114,114,neutral,0.9886,0.9886,0.0001,0.0012,0.0081,0.0006,0.0001,0.0001,0.0013
63.933333,1918,1,330,92,115,115,neutral,0.9672,0.9672,0.0001,0.0153,0.0140,0.0007,0.0001,0.0008,0.0017
63.966667,1919,1,332,92,114,114,neutral,0.7519,0.7519,0.0003,0.2188,0.0166,0.0007,0.0002,0.0097,0.0017
64.000000,1920,1,333,95,112,112,neutral,0.7711,0.7711,0.0002,0.2120,0.0074,0.0011,0.0002,0.0063,0.0016
64.033333,1921,1,334,95,112,112,neutral,0.7465,0.7465,0.0004,0.2359,0.0068,0.0014,0.0003,0.0068,0.0019
64.066667,1922,1,333,96,113,113,neutral,0.7356,0.7356,0.0003,0.2427,0.0083,0.0013,0.0003,0.0094,0.0020
64.100000,1923,1,333,96,115,115,neutral,0.9552,0.9552,0.0003,0.0319,0.0083,0.0010,0.0002,0.0012,0.0019
64.133333,1924,1,332,95,116,116,neutral,0.9149,0.9149,0.0003,0.0695,0.0096,0.0009,0.0002,0.0028,0.0019
64.166667,1925,1,332,95,116,116,neutral,0.9752,0.9752,0.0002,0.0112,0.0103,0.0008,0.0001,0.0005,0.0017
64.200000,1926,1,332,95,116,116,neutral,0.9572,0.9572,0.0003,0.0292,0.0089,0.0011,0.0002,0.0011,0.0020
64.233333,1927,1,333,95,116,116,neutral,0.8436,0.8436,0.0004,0.1328,0.0130,0.0012,0.0003,0.0063,0.0025
64.266667,1928,1,333,95,116,116,neutral,0.8807,0.8807,0.0005,0.0983,0.0117,0.0013,0.0003,0.0045,0.0027
64.300000,1929,1,333,96,115,115,neutral,0.9660,0.9660,0.0003,0.0194,0.0107,0.0009,0.0002,0.0008,0.0019
64.333333,1930,1,333,96,115,115,neutral,0.9784,0.9784,0.0003,0.0086,0.0093,0.0009,0.0001,0.0004,0.0020
64.366667,1931,1,334,96,114,114,neutral,0.9824,0.9824,0.0002,0.0072,0.0071,0.0009,0.0001,0.0003,0.0018
64.400000,1932,1,334,96,115,115,neutral,0.9842,0.9842,0.0002,0.0041,0.0083,0.0009,0.0001,0.0002,0.0019
64.433333,1933,1,334,96,115,115,neutral,0.9835,0.9835,0.0002,0.0057,0.0075,0.0010,0.0001,0.0002,0.0018
64.466667,1934,1,334,96,115,115,neutral,0.9867,0.9867,0.0003,0.0037,0.0061,0.0011,0.0001,0.0001,0.0018
64.500000,1935,1,332,97,116,116,neutral,0.9823,0.9823,0.0002,0.0064,0.0075,0.0011,0.0001,0.0003,0.0020
64.533333,1936,1,331,97,117,117,neutral,0.9869,0.9869,0.0002,0.0025,0.0071,0.0012,0.0001,0.0001,0.0020
64.566667,1937,1,330,96,118,118,neutral,0.9850,0.9850,0.0002,0.0042,0.0071,0.0014,0.0001,0.0002,0.0018
64.600000,1938,1,328,96,119,119,neutral,0.9795,0.9795,0.0003,0.0085,0.0068,0.0018,0.0002,0.0004,0.0024
64.633333,1939,1,327,97,119,119,neutral,0.9850,0.9850,0.0003,0.0028,0.0073,0.0018,0.0002,0.0002,0.0025
64.666667,1940,1,327,98,117,117,neutral,0.9892,0.9892,0.0002,0.0011,0.0058,0.0016,0.0001,0.0001,0.0019
64.700000,1941,1,327,98,116,116,neutral,0.9889,0.9889,0.0002,0.0015,0.0056,0.0016,0.0001,0.0001,0.0020
64.733333,1942,1,328,100,114,114,neutral,0.9874,0.9874,0.0002,0.0026,0.0053,0.0024,0.0002,0.0001,0.0019
64.766667,1943,1,327,100,113,113,neutral,0.9906,0.9906,0.0002,0.0014,0.0043,0.0017,0.0001,0.0000,0.0016
64.800000,1944,1,327,99,114,114,neutral,0.9907,0.9907,0.0002,0.0013,0.0042,0.0017,0.0001,0.0000,0.0018
64.833333,1945,1,328,99,113,113,neutral,0.9925,0.9925,0.0002,0.0013,0.0035,0.0011,0.0001,0.0000,0.0013
64.866667,1946,1,327,98,115,115,neutral,0.9876,0.9876,0.0002,0.0042,0.0050,0.0014,0.0001,0.0001,0.0015
64.900000,1947,1,327,97,115,115,neutral,0.9844,0.9844,0.0002,0.0083,0.0042,0.0011,0.0001,0.0002,0.0014
64.933333,1948,1,326,96,115,115,neutral,0.9925,0.9925,0.0002,0.0012,0.0032,0.0014,0.0001,0.0000,0.0014
64.966667,1949,1,325,96,115,115,neutral,0.9862,0.9862,0.0002,0.0063,0.0038,0.0016,0.0001,0.0002,0.0015
65.000000,1950,1,325,95,115,115,neutral,0.9898,0.9898,0.0003,0.0017,0.0041,0.0019,0.0002,0.0001,0.0019
65.033333,1951,1,324,93,116,116,neutral,0.9867,0.9867,0.0005,0.0025,0.0057,0.0018,0.0002,0.0001,0.0025
65.066667,1952,1,324,94,115,115,neutral,0.9898,0.9898,0.0004,0.0012,0.0040,0.0021,0.0002,0.0001,0.0023
65.100000,1953,1,325,96,111,111,neutral,0.9898,0.9898,0.0004,0.0006,0.0050,0.0019,0.0002,0.0000,0.0021
65.133333,1954,1,326,98,107,107,neutral,0.9920,0.9920,0.0002,0.0005,0.0039,0.0015,0.0001,0.0000,0.0017
65.166667,1955,1,324,97,108,108,neutral,0.9902,0.9902,0.0005,0.0009,0.0043,0.0019,0.0002,0.0000,0.0020
65.200000,1956,1,322,96,110,110,neutral,0.9815,0.9815,0.0013,0.0022,0.0101,0.0018,0.0003,0.0001,0.0028
65.233333,1957,1,322,97,108,108,neutral,0.9625,0.9625,0.0017,0.0041,0.0257,0.0019,0.0004,0.0004,0.0032
65.266667,1958,1,322,97,108,108,neutral,0.9619,0.9619,0.0017,0.0040,0.0265,0.0019,0.0004,0.0004,0.0032
65.300000,1959,1,321,97,107,107,neutral,0.9619,0.9619,0.0026,0.0015,0.0283,0.0016,0.0004,0.0002,0.0035
65.333333,1960,1,318,95,108,108,neutral,0.9429,0.9429,0.0013,0.0011,0.0499,0.0012,0.0003,0.0002,0.0032
65.366667,1961,1,313,92,113,113,neutral,0.9378,0.9378,0.0011,0.0017,0.0540,0.0012,0.0003,0.0003,0.0035
65.400000,1962,1,313,92,112,112,neutral,0.9521,0.9521,0.0006,0.0014,0.0420,0.0009,0.0002,0.0002,0.0026
65.433333,1963,1,313,94,110,110,neutral,0.9623,0.9623,0.0007,0.0011,0.0324,0.0008,0.0002,0.0001,0.0025
65.466667,1964,1,309,92,111,111,neutral,0.9633,0.9633,0.0007,0.0012,0.0313,0.0008,0.0002,0.0001,0.0023
65.500000,1965,1,310,93,107,107,neutral,0.9578,0.9578,0.0007,0.0016,0.0367,0.0006,0.0001,0.0002,0.0022
65.533333,1966,1,309,96,104,104,neutral,0.9719,0.9719,0.0005,0.0011,0.0241,0.0006,0.0001,0.0001,0.0016
65.566667,1967,1,307,95,107,107,neutral,0.9610,0.9610,0.0004,0.0008,0.0356,0.0004,0.0001,0.0001,0.0016
65.600000,1968,1,308,96,106,106,neutral,0.9572,0.9572,0.0003,0.0008,0.0397,0.0004,0.0001,0.0001,0.0014
65.633333,1969,1,305,95,109,109,neutral,0.9719,0.9719,0.0004,0.0006,0.0248,0.0006,0.0001,0.0001,0.0016
65.666667,1970,1,305,95,109,109,neutral,0.9732,0.9732,0.0005,0.0005,0.0234,0.0006,0.0001,0.0001,0.0017
65.700000,1971,1,301,94,111,111,neutral,0.9798,0.9798,0.0004,0.0006,0.0172,0.0004,0.0001,0.0000,0.0015
65.733333,1972,1,300,94,111,111,neutral,0.9800,0.9800,0.0005,0.0011,0.0160,0.0005,0.0001,0.0001,0.0017
65.766667,1973,1,296,93,115,115,neutral,0.9754,0.9754,0.0006,0.0010,0.0197,0.0006,0.0001,0.0001,0.0023
65.800000,1974,1,294,92,117,117,neutral,0.9782,0.9782,0.0005,0.0010,0.0172,0.0006,0.0001,0.0001,0.0022
65.833333,1975,1,294,94,117,117,neutral,0.9780,0.9780,0.0008,0.0014,0.0167,0.0005,0.0001,0.0001,0.0023
65.866667,1976,1,293,93,119,119,neutral,0.9701,0.9701,0.0007,0.0009,0.0248,0.0007,0.0001,0.0001,0.0025
65.900000,1977,1,294,94,118,118,neutral,0.9749,0.9749,0.0008,0.0015,0.0193,0.0007,0.0001,0.0001,0.0026
65.933333,1978,1,295,96,114,114,neutral,0.9837,0.9837,0.0008,0.0015,0.0115,0.0005,0.0001,0.0001,0.0018
65.966667,1979,1,295,96,113,113,neutral,0.9841,0.9841,0.0006,0.0018,0.0110,0.0007,0.0001,0.0001,0.0017
66.000000,1980,1,294,96,112,112,neutral,0.9854,0.9854,0.0007,0.0012,0.0103,0.0005,0.0001,0.0001,0.0017
66.033333,1981,1,294,96,110,110,neutral,0.9829,0.9829,0.0005,0.0007,0.0139,0.0004,0.0001,0.0000,0.0015
66.066667,1982,1,295,97,108,108,neutral,0.9859,0.9859,0.0003,0.0011,0.0108,0.0005,0.0001,0.0001,0.0013
66.100000,1983,1,295,96,108,108,neutral,0.9850,0.9850,0.0004,0.0014,0.0114,0.0004,0.0001,0.0001,0.0014
66.133333,1984,1,295,95,110,110,neutral,0.9860,0.9860,0.0003,0.0007,0.0111,0.0004,0.0001,0.0000,0.0014
66.166667,1985,1,293,93,114,114,neutral,0.9801,0.9801,0.0004,0.0007,0.0166,0.0004,0.0001,0.0001,0.0015
66.200000,1986,1,292,93,113,113,neutral,0.9804,0.9804,0.0002,0.0010,0.0165,0.0005,0.0001,0.0001,0.0013
66.233333,1987,1,292,94,111,111,neutral,0.9775,0.9775,0.0002,0.0010,0.0198,0.0004,0.0001,0.0001,0.0011
66.266667,1988,1,292,95,111,111,neutral,0.9807,0.9807,0.0002,0.0013,0.0163,0.0003,0.0000,0.0001,0.0011
66.300000,1989,1,292,95,110,110,neutral,0.9835,0.9835,0.0001,0.0010,0.0139,0.0004,0.0000,0.0001,0.0010
66.333333,1990,1,291,94,110,110,neutral,0.9745,0.9745,0.0001,0.0010,0.0229,0.0004,0.0000,0.0001,0.0010
66.366667,1991,1,291,94,111,111,neutral,0.9819,0.9819,0.0001,0.0009,0.0157,0.0004,0.0000,0.0001,0.0009
66.400000,1992,1,290,94,109,109,neutral,0.9688,0.9688,0.0001,0.0009,0.0288,0.0004,0.0000,0.0001,0.0010
66.433333,1993,1,290,94,109,109,neutral,0.9690,0.9690,0.0001,0.0008,0.0286,0.0004,0.0000,0.0001,0.0010
66.466667,1994,1,291,94,109,109,neutral,0.9725,0.9725,0.0001,0.0007,0.0252,0.0004,0.0000,0.0001,0.0010
66.500000,1995,1,292,95,109,109,neutral,0.9809,0.9809,0.0001,0.0007,0.0169,0.0003,0.0000,0.0000,0.0010
66.533333,1996,1,292,94,109,109,neutral,0.9789,0.9789,0.0001,0.0007,0.0189,0.0004,0.0000,0.0000,0.0009
66.566667,1997,1,292,95,108,108,neutral,0.9824,0.9824,0.0001,0.0006,0.0157,0.0004,0.0000,0.0000,0.0008
66.600000,1998,1,293,94,108,108,neutral,0.9802,0.9802,0.0001,0.0015,0.0163,0.0006,0.0001,0.0001,0.0011
66.633333,1999,1,294,94,107,107,neutral,0.9778,0.9778,0.0002,0.0043,0.0157,0.0007,0.0001,0.0002,0.0012
66.666667,2000,1,295,94,106,106,neutral,0.9816,0.9816,0.0002,0.0028,0.0135,0.0007,0.0001,0.0001,0.0011
66.700000,2001,1,296,94,106,106,neutral,0.9840,0.9840,0.0001,0.0032,0.0107,0.0006,0.0001,0.0001,0.0011
66.733333,2002,1,296,94,106,106,neutral,0.9785,0.9785,0.0001,0.0038,0.0155,0.0007,0.0001,0.0002,0.0011
66.766667,2003,1,296,94,103,103,neutral,0.9708,0.9708,0.0001,0.0025,0.0246,0.0006,0.0001,0.0002,0.0012
66.800000,2004,1,296,93,104,104,neutral,0.9784,0.9784,0.0001,0.0035,0.0162,0.0006,0.0001,0.0002,0.0010
66.833333,2005,1,296,90,103,103,neutral,0.9761,0.9761,0.0001,0.0019,0.0205,0.0004,0.0000,0.0001,0.0008
66.866667,2006,1,298,91,101,101,neutral,0.9746,0.9746,0.0001,0.0011,0.0228,0.0005,0.0000,0.0001,0.0008
66.900000,2007,1,296,89,106,106,neutral,0.9840,0.9840,0.0001,0.0012,0.0133,0.0006,0.0000,0.0001,0.0008
66.933333,2008,1,299,89,106,106,neutral,0.9805,0.9805,0.0001,0.0036,0.0141,0.0006,0.0001,0.0001,0.0008
66.966667,2009,1,302,90,104,104,neutral,0.9778,0.9778,0.0001,0.0019,0.0182,0.0007,0.0001,0.0001,0.0010
67.000000,2010,1,304,92,101,101,neutral,0.9793,0.9793,0.0001,0.0014,0.0173,0.0008,0.0001,0.0001,0.0010
67.033333,2011,1,307,91,100,100,neutral,0.9766,0.9766,0.0002,0.0009,0.0204,0.0008,0.0001,0.0001,0.0010
67.066667,2012,1,306,90,102,102,neutral,0.9786,0.9786,0.0001,0.0010,0.0184,0.0007,0.0001,0.0001,0.0010
67.100000,2013,1,309,90,99,99,neutral,0.9792,0.9792,0.0001,0.0004,0.0184,0.0008,0.0001,0.0000,0.0011
67.133333,2014,1,311,90,98,98,neutral,0.9849,0.9849,0.0001,0.0003,0.0128,0.0008,0.0001,0.0000,0.0011
67.166667,2015,1,313,89,100,100,neutral,0.9882,0.9882,0.0001,0.0005,0.0095,0.0006,0.0000,0.0000,0.0010
67.200000,2016,1,316,90,99,99,neutral,0.9874,0.9874,0.0001,0.0004,0.0099,0.0009,0.0001,0.0000,0.0012
67.233333,2017,1,316,90,98,98,neutral,0.9854,0.9854,0.0001,0.0004,0.0114,0.0012,0.0001,0.0000,0.0014
67.266667,2018,1,320,92,95,95,neutral,0.9904,0.9904,0.0001,0.0004,0.0068,0.0009,0.0001,0.0000,0.0012
67.300000,2019,1,321,93,94,94,neutral,0.9874,0.9874,0.0001,0.0002,0.0098,0.0013,0.0001,0.0000,0.0012
67.333333,2020,1,320,92,96,96,neutral,0.9871,0.9871,0.0001,0.0002,0.0095,0.0015,0.0001,0.0000,0.0015
67.366667,2021,1,319,92,98,98,neutral,0.9911,0.9911,0.0001,0.0002,0.0057,0.0015,0.0001,0.0000,0.0013
67.400000,2022,1,318,91,100,100,neutral,0.9910,0.9910,0.0001,0.0004,0.0058,0.0014,0.0001,0.0000,0.0013
67.433333,2023,1,317,90,104,104,neutral,0.9909,0.9909,0.0001,0.0005,0.0062,0.0012,0.0001,0.0000,0.0010
67.466667,2024,1,319,92,100,100,neutral,0.9928,0.9928,0.0001,0.0003,0.0039,0.0017,0.0001,0.0000,0.0011
67.500000,2025,1,321,93,99,99,neutral,0.9921,0.9921,0.0001,0.0005,0.0044,0.0018,0.0001,0.0000,0.0011
67.533333,2026,1,321,94,100,100,neutral,0.9949,0.9949,0.0001,0.0006,0.0023,0.0014,0.0001,0.0000,0.0008
67.566667,2027,1,320,93,102,102,neutral,0.9917,0.9917,0.0001,0.0016,0.0039,0.0014,0.0001,0.0001,0.0012
67.600000,2028,1,320,94,102,102,neutral,0.9857,0.9857,0.0002,0.0047,0.0062,0.0015,0.0001,0.0002,0.0014
67.633333,2029,1,324,94,102,102,neutral,0.9828,0.9828,0.0002,0.0039,0.0086,0.0021,0.0002,0.0002,0.0020
67.666667,2030,1,323,94,102,102,neutral,0.9778,0.9778,0.0003,0.0043,0.0112,0.0032,0.0003,0.0003,0.0026
67.700000,2031,1,327,97,102,102,neutral,0.9764,0.9764,0.0002,0.0057,0.0134,0.0019,0.0002,0.0003,0.0019
67.733333,2032,1,328,97,102,102,neutral,0.9825,0.9825,0.0002,0.0015,0.0121,0.0015,0.0002,0.0001,0.0019
67.766667,2033,1,327,98,101,101,neutral,0.9749,0.9749,0.0005,0.0022,0.0158,0.0027,0.0004,0.0002,0.0033
67.800000,2034,1,328,99,100,100,neutral,0.9690,0.9690,0.0005,0.0022,0.0208,0.0031,0.0004,0.0002,0.0037
67.833333,2035,1,331,100,102,102,neutral,0.9801,0.9801,0.0004,0.0007,0.0140,0.0018,0.0002,0.0001,0.0027
67.866667,2036,1,332,102,101,101,neutral,0.9817,0.9817,0.0005,0.0008,0.0126,0.0016,0.0002,0.0001,0.0025
67.900000,2037,1,333,102,100,100,neutral,0.9731,0.9731,0.0009,0.0010,0.0185,0.0022,0.0003,0.0001,0.0039
67.933333,2038,1,329,102,103,103,neutral,0.9559,0.9559,0.0006,0.0007,0.0327,0.0045,0.0006,0.0001,0.0050
67.966667,2039,1,329,103,102,102,neutral,0.9605,0.9605,0.0010,0.0004,0.0268,0.0046,0.0006,0.0001,0.0060
68.000000,2040,1,328,105,100,100,neutral,0.9599,0.9599,0.0018,0.0003,0.0224,0.0062,0.0009,0.0001,0.0085
68.033333,2041,1,328,105,100,100,neutral,0.9585,0.9585,0.0016,0.0003,0.0245,0.0059,0.0008,0.0001,0.0083
68.066667,2042,1,328,104,101,101,neutral,0.9638,0.9638,0.0023,0.0002,0.0205,0.0045,0.0007,0.0000,0.0079
68.100000,2043,1,328,104,101,101,neutral,0.9681,0.9681,0.0026,0.0002,0.0166,0.0043,0.0006,0.0000,0.0075
68.133333,2044,1,327,105,100,100,neutral,0.9657,0.9657,0.0036,0.0002,0.0158,0.0048,0.0007,0.0000,0.0091
68.166667,2045,1,327,106,99,99,neutral,0.9576,0.9576,0.0015,0.0002,0.0217,0.0086,0.0011,0.0000,0.0093
68.200000,2046,1,327,107,100,100,neutral,0.9442,0.9442,0.0026,0.0003,0.0350,0.0061,0.0012,0.0001,0.0106
68.233333,2047,1,325,107,103,103,neutral,0.9297,0.9297,0.0022,0.0004,0.0451,0.0086,0.0017,0.0001,0.0122
68.266667,2048,1,323,106,103,103,neutral,0.9017,0.9017,0.0038,0.0005,0.0630,0.0113,0.0028,0.0002,0.0168
68.300000,2049,1,322,106,104,104,neutral,0.8789,0.8789,0.0032,0.0006,0.0872,0.0099,0.0029,0.0003,0.0170
68.333333,2050,1,322,107,102,102,neutral,0.8750,0.8750,0.0043,0.0006,0.0851,0.0120,0.0037,0.0003,0.0191
68.366667,2051,1,323,108,100,100,neutral,0.8304,0.8304,0.0044,0.0006,0.1077,0.0220,0.0077,0.0004,0.0268
68.400000,2052,1,324,110,98,98,neutral,0.8620,0.8620,0.0067,0.0007,0.0627,0.0238,0.0093,0.0004,0.0344
68.433333,2053,1,324,110,98,98,neutral,0.8633,0.8633,0.0068,0.0007,0.0613,0.0238,0.0092,0.0004,0.0345
68.466667,2054,1,324,110,98,98,neutral,0.8136,0.8136,0.0094,0.0006,0.0760,0.0346,0.0167,0.0005,0.0486
68.500000,2055,1,323,109,99,99,neutral,0.8795,0.8795,0.0056,0.0005,0.0607,0.0197,0.0065,0.0003,0.0272
68.533333,2056,1,321,108,101,101,neutral,0.9101,0.9101,0.0088,0.0007,0.0410,0.0135,0.0041,0.0003,0.0215
68.566667,2057,1,319,109,103,103,neutral,0.8751,0.8751,0.0081,0.0008,0.0651,0.0177,0.0062,0.0005,0.0265
68.600000,2058,1,315,108,105,105,neutral,0.9239,0.9239,0.0141,0.0011,0.0316,0.0088,0.0026,0.0003,0.0175
68.633333,2059,1,316,105,107,107,neutral,0.9360,0.9360,0.0113,0.0009,0.0236,0.0074,0.0021,0.0002,0.0183
68.666667,2060,1,313,105,107,107,neutral,0.9565,0.9565,0.0073,0.0010,0.0182,0.0050,0.0010,0.0002,0.0108
68.700000,2061,1,312,105,107,107,neutral,0.9772,0.9772,0.0017,0.0003,0.0094,0.0047,0.0005,0.0000,0.0061
68.733333,2062,1,312,102,112,112,neutral,0.9707,0.9707,0.0005,0.0004,0.0191,0.0052,0.0004,0.0001,0.0037
68.766667,2063,1,311,101,114,114,neutral,0.9797,0.9797,0.0005,0.0007,0.0116,0.0041,0.0003,0.0001,0.0030
68.800000,2064,1,309,101,114,114,neutral,0.9764,0.9764,0.0004,0.0005,0.0152,0.0043,0.0003,0.0000,0.0028
68.833333,2065,1,308,101,115,115,neutral,0.9717,0.9717,0.0012,0.0008,0.0167,0.0051,0.0005,0.0001,0.0039
68.866667,2066,1,306,102,116,116,neutral,0.9746,0.9746,0.0011,0.0008,0.0149,0.0040,0.0004,0.0001,0.0041
68.900000,2067,1,306,102,115,115,neutral,0.9766,0.9766,0.0009,0.0006,0.0126,0.0047,0.0004,0.0001,0.0042
68.933333,2068,1,307,102,114,114,neutral,0.9814,0.9814,0.0006,0.0003,0.0106,0.0037,0.0003,0.0000,0.0030
68.966667,2069,1,307,103,113,113,neutral,0.9828,0.9828,0.0007,0.0004,0.0084,0.0044,0.0003,0.0000,0.0031
69.000000,2070,1,307,104,112,112,neutral,0.9840,0.9840,0.0007,0.0006,0.0072,0.0043,0.0003,0.0000,0.0029
69.033333,2071,1,306,104,113,113,neutral,0.9805,0.9805,0.0010,0.0007,0.0088,0.0050,0.0004,0.0001,0.0036
69.066667,2072,1,306,103,114,114,neutral,0.9830,0.9830,0.0013,0.0009,0.0066,0.0044,0.0003,0.0001,0.0035
69.100000,2073,1,306,104,113,113,neutral,0.9816,0.9816,0.0007,0.0014,0.0079,0.0048,0.0004,0.0001,0.0032
69.133333,2074,1,307,104,112,112,neutral,0.9852,0.9852,0.0006,0.0008,0.0069,0.0034,0.0002,0.0000,0.0028
69.166667,2075,1,306,103,112,112,neutral,0.9812,0.9812,0.0008,0.0016,0.0086,0.0040,0.0003,0.0001,0.0033
69.200000,2076,1,306,100,115,115,neutral,0.9832,0.9832,0.0006,0.0010,0.0091,0.0030,0.0002,0.0001,0.0028
69.233333,2077,1,306,100,115,115,neutral,0.9832,0.9832,0.0006,0.0010,0.0090,0.0030,0.0002,0.0001,0.0028
69.266667,2078,1,307,100,115,115,neutral,0.9825,0.9825,0.0006,0.0011,0.0095,0.0031,0.0003,0.0001,0.0028
69.300000,2079,1,307,99,115,115,neutral,0.9807,0.9807,0.0006,0.0017,0.0101,0.0037,0.0003,0.0001,0.0029
69.333333,2080,1,308,98,114,114,neutral,0.9902,0.9902,0.0002,0.0005,0.0054,0.0019,0.0001,0.0000,0.0017
69.366667,2081,1,309,99,113,113,neutral,0.9928,0.9928,0.0002,0.0003,0.0036,0.0014,0.0001,0.0000,0.0016
69.400000,2082,1,309,98,113,113,neutral,0.9913,0.9913,0.0002,0.0004,0.0051,0.0015,0.0001,0.0000,0.0015
69.433333,2083,1,312,98,111,111,neutral,0.9910,0.9910,0.0002,0.0006,0.0050,0.0014,0.0001,0.0000,0.0016
69.466667,2084,1,313,99,110,110,neutral,0.9920,0.9920,0.0001,0.0002,0.0052,0.0012,0.0001,0.0000,0.0012
69.500000,2085,1,314,100,110,110,neutral,0.9918,0.9918,0.0001,0.0002,0.0052,0.0012,0.0001,0.0000,0.0013
69.533333,2086,1,314,100,110,110,neutral,0.9918,0.9918,0.0001,0.0002,0.0053,0.0012,0.0001,0.0000,0.0013
69.566667,2087,1,314,101,108,108,neutral,0.9892,0.9892,0.0002,0.0002,0.0056,0.0026,0.0001,0.0000,0.0021
69.600000,2088,1,314,101,108,108,neutral,0.9885,0.9885,0.0002,0.0002,0.0062,0.0027,0.0001,0.0000,0.0021
69.633333,2089,1,315,101,108,108,neutral,0.9900,0.9900,0.0002,0.0003,0.0053,0.0024,0.0001,0.0000,0.0018
69.666667,2090,1,315,102,108,108,neutral,0.9907,0.9907,0.0001,0.0001,0.0055,0.0020,0.0001,0.0000,0.0015
69.700000,2091,1,314,102,109,109,neutral,0.9923,0.9923,0.0001,0.0002,0.0046,0.0015,0.0001,0.0000,0.0012
69.733333,2092,1,314,102,107,107,neutral,0.9927,0.9927,0.0002,0.0004,0.0040,0.0015,0.0001,0.0000,0.0012
69.766667,2093,1,315,102,106,106,neutral,0.9938,0.9938,0.0003,0.0004,0.0030,0.0011,0.0001,0.0000,0.0013
69.800000,2094,1,315,102,106,106,neutral,0.9943,0.9943,0.0003,0.0003,0.0028,0.0010,0.0001,0.0000,0.0013
69.833333,2095,1,315,103,105,105,neutral,0.9939,0.9939,0.0002,0.0001,0.0034,0.0011,0.0000,0.0000,0.0013
69.866667,2096,1,314,102,106,106,neutral,0.9933,0.9933,0.0002,0.0002,0.0035,0.0012,0.0001,0.0000,0.0015
69.900000,2097,1,310,99,110,110,neutral,0.9909,0.9909,0.0003,0.0008,0.0041,0.0019,0.0001,0.0000,0.0019
69.933333,2098,1,309,98,111,111,neutral,0.9882,0.9882,0.0003,0.0011,0.0048,0.0032,0.0002,0.0000,0.0022
69.966667,2099,1,309,97,111,111,neutral,0.9896,0.9896,0.0002,0.0009,0.0054,0.0020,0.0001,0.0000,0.0017
70.000000,2100,1,308,97,112,112,neutral,0.9921,0.9921,0.0001,0.0005,0.0039,0.0017,0.0001,0.0000,0.0017
70.033333,2101,1,307,97,114,114,neutral,0.9884,0.9884,0.0001,0.0008,0.0070,0.0017,0.0001,0.0000,0.0018
70.066667,2102,1,307,96,115,115,neutral,0.9860,0.9860,0.0001,0.0006,0.0091,0.0019,0.0001,0.0000,0.0021
70.100000,2103,1,306,96,115,115,neutral,0.9864,0.9864,0.0002,0.0010,0.0082,0.0020,0.0001,0.0001,0.0021
70.133333,2104,1,305,95,115,115,neutral,0.9808,0.9808,0.0001,0.0003,0.0152,0.0013,0.0001,0.0000,0.0022
70.166667,2105,1,305,96,115,115,neutral,0.9801,0.9801,0.0003,0.0005,0.0138,0.0021,0.0002,0.0000,0.0031
70.200000,2106,1,305,97,113,113,neutral,0.9753,0.9753,0.0002,0.0002,0.0180,0.0027,0.0002,0.0000,0.0033
70.233333,2107,1,306,97,113,113,neutral,0.9762,0.9762,0.0001,0.0002,0.0184,0.0021,0.0002,0.0000,0.0029
70.266667,2108,1,307,97,113,113,neutral,0.9823,0.9823,0.0001,0.0002,0.0135,0.0015,0.0001,0.0000,0.0023
70.300000,2109,1,307,96,112,112,neutral,0.9802,0.9802,0.0002,0.0002,0.0145,0.0019,0.0001,0.0000,0.0029
70.333333,2110,1,307,97,112,112,neutral,0.9806,0.9806,0.0001,0.0001,0.0146,0.0020,0.0001,0.0000,0.0024
70.366667,2111,1,308,97,111,111,neutral,0.9787,0.9787,0.0001,0.0001,0.0165,0.0019,0.0001,0.0000,0.0025
70.400000,2112,1,308,97,111,111,neutral,0.9813,0.9813,0.0001,0.0001,0.0139,0.0020,0.0001,0.0000,0.0025
70.433333,2113,1,311,98,109,109,neutral,0.9902,0.9902,0.0001,0.0001,0.0065,0.0014,0.0001,0.0000,0.0016
70.466667,2114,1,311,98,109,109,neutral,0.9912,0.9912,0.0001,0.0001,0.0057,0.0012,0.0001,0.0000,0.0016
70.500000,2115,1,310,98,110,110,neutral,0.9896,0.9896,0.0002,0.0001,0.0069,0.0012,0.0001,0.0000,0.0020
70.533333,2116,1,313,99,108,108,neutral,0.9852,0.9852,0.0002,0.0001,0.0110,0.0016,0.0001,0.0000,0.0019
70.566667,2117,1,312,100,109,109,neutral,0.9833,0.9833,0.0004,0.0001,0.0112,0.0021,0.0002,0.0000,0.0029
70.600000,2118,1,311,101,111,111,neutral,0.9845,0.9845,0.0005,0.0001,0.0090,0.0024,0.0002,0.0000,0.0033
70.633333,2119,1,311,102,111,111,neutral,0.9814,0.9814,0.0004,0.0001,0.0115,0.0031,0.0002,0.0000,0.0032
70.666667,2120,1,313,103,109,109,neutral,0.9816,0.9816,0.0003,0.0001,0.0113,0.0035,0.0002,0.0000,0.0030
70.700000,2121,1,313,102,108,108,neutral,0.9841,0.9841,0.0003,0.0001,0.0100,0.0027,0.0002,0.0000,0.0026
70.733333,2122,1,312,103,108,108,neutral,0.9847,0.9847,0.0003,0.0002,0.0101,0.0024,0.0001,0.0000,0.0022
70.766667,2123,1,309,102,110,110,neutral,0.9873,0.9873,0.0005,0.0005,0.0069,0.0023,0.0002,0.0000,0.0024
70.800000,2124,1,307,101,112,112,neutral,0.9836,0.9836,0.0007,0.0006,0.0084,0.0033,0.0003,0.0000,0.0031
70.833333,2125,1,308,101,112,112,neutral,0.9828,0.9828,0.0009,0.0004,0.0095,0.0029,0.0002,0.0000,0.0032
70.866667,2126,1,307,100,113,113,neutral,0.9831,0.9831,0.0009,0.0004,0.0094,0.0026,0.0002,0.0000,0.0034
70.900000,2127,1,306,99,112,112,neutral,0.9852,0.9852,0.0006,0.0004,0.0080,0.0029,0.0002,0.0000,0.0027
70.933333,2128,1,305,99,112,112,neutral,0.9855,0.9855,0.0006,0.0008,0.0072,0.0027,0.0002,0.0000,0.0029
70.966667,2129,1,307,99,111,111,neutral,0.9826,0.9826,0.0010,0.0017,0.0082,0.0029,0.0003,0.0001,0.0032
71.000000,2130,1,307,98,111,111,neutral,0.9858,0.9858,0.0004,0.0005,0.0083,0.0024,0.0002,0.0000,0.0024
71.033333,2131,1,306,98,111,111,neutral,0.9851,0.9851,0.0004,0.0010,0.0078,0.0027,0.0002,0.0001,0.0028
71.066667,2132,1,305,97,111,111,neutral,0.9761,0.9761,0.0001,0.0001,0.0183,0.0024,0.0002,0.0000,0.0028
71.100000,2133,1,306,97,111,111,neutral,0.9625,0.9625,0.0001,0.0001,0.0286,0.0047,0.0003,0.0000,0.0036
71.133333,2134,1,307,96,112,112,neutral,0.9504,0.9504,0.0001,0.0001,0.0425,0.0030,0.0003,0.0000,0.0036
71.166667,2135,1,306,95,113,113,neutral,0.9698,0.9698,0.0001,0.0001,0.0232,0.0032,0.0002,0.0000,0.0033
71.200000,2136,1,305,96,113,113,neutral,0.9830,0.9830,0.0001,0.0003,0.0107,0.0033,0.0002,0.0000,0.0024
71.233333,2137,1,305,96,113,113,neutral,0.9831,0.9831,0.0001,0.0002,0.0107,0.0032,0.0002,0.0000,0.0024
71.266667,2138,1,305,96,112,112,neutral,0.9890,0.9890,0.0001,0.0003,0.0070,0.0018,0.0001,0.0000,0.0018
71.300000,2139,1,304,96,113,113,neutral,0.9862,0.9862,0.0001,0.0002,0.0093,0.0021,0.0001,0.0000,0.0021
71.333333,2140,1,306,98,111,111,neutral,0.9890,0.9890,0.0001,0.0004,0.0056,0.0028,0.0001,0.0000,0.0020
71.366667,2141,1,305,97,112,112,neutral,0.9878,0.9878,0.0002,0.0003,0.0073,0.0020,0.0001,0.0000,0.0023
71.400000,2142,1,306,98,110,110,neutral,0.9893,0.9893,0.0001,0.0002,0.0064,0.0018,0.0001,0.0000,0.0019
71.433333,2143,1,306,98,110,110,neutral,0.9886,0.9886,0.0001,0.0004,0.0074,0.0015,0.0001,0.0000,0.0018
71.466667,2144,1,306,98,111,111,neutral,0.9891,0.9891,0.0001,0.0003,0.0068,0.0019,0.0001,0.0000,0.0017
71.500000,2145,1,305,96,113,113,neutral,0.9866,0.9866,0.0001,0.0004,0.0095,0.0014,0.0001,0.0000,0.0018
71.533333,2146,1,305,96,114,114,neutral,0.9873,0.9873,0.0001,0.0009,0.0085,0.0015,0.0001,0.0000,0.0016
71.566667,2147,1,307,97,113,113,neutral,0.9845,0.9845,0.0001,0.0003,0.0106,0.0023,0.0001,0.0000,0.0019
71.600000,2148,1,309,98,112,112,neutral,0.9897,0.9897,0.0001,0.0005,0.0062,0.0018,0.0001,0.0000,0.0016
71.633333,2149,1,311,99,109,109,neutral,0.9908,0.9908,0.0001,0.0002,0.0056,0.0016,0.0001,0.0000,0.0016
71.666667,2150,1,313,101,107,107,neutral,0.9929,0.9929,0.0002,0.0002,0.0032,0.0017,0.0001,0.0000,0.0016
71.700000,2151,1,315,103,106,106,neutral,0.9890,0.9890,0.0002,0.0001,0.0057,0.0024,0.0001,0.0000,0.0023
71.733333,2152,1,316,104,104,104,neutral,0.9873,0.9873,0.0002,0.0001,0.0074,0.0024,0.0001,0.0000,0.0025
71.766667,2153,1,317,104,104,104,neutral,0.9757,0.9757,0.0004,0.0001,0.0188,0.0019,0.0002,0.0000,0.0028
71.800000,2154,1,317,106,103,103,neutral,0.9502,0.9502,0.0004,0.0001,0.0449,0.0015,0.0002,0.0000,0.0027
71.833333,2155,1,317,106,104,104,neutral,0.8839,0.8839,0.0003,0.0002,0.1118,0.0010,0.0002,0.0001,0.0026
71.866667,2156,1,316,108,105,105,neutral,0.8451,0.8451,0.0003,0.0003,0.1489,0.0010,0.0003,0.0001,0.0040
71.900000,2157,1,317,107,104,104,neutral,0.8839,0.8839,0.0003,0.0002,0.1114,0.0008,0.0002,0.0001,0.0031
71.933333,2158,1,319,108,103,103,neutral,0.8673,0.8673,0.0003,0.0002,0.1279,0.0010,0.0002,0.0001,0.0031
71.966667,2159,1,322,110,100,100,neutral,0.9043,0.9043,0.0004,0.0002,0.0911,0.0010,0.0002,0.0001,0.0028
72.000000,2160,1,321,111,102,102,neutral,0.9246,0.9246,0.0006,0.0003,0.0698,0.0011,0.0002,0.0001,0.0033
72.033333,2161,1,322,112,100,100,neutral,0.9273,0.9273,0.0008,0.0002,0.0669,0.0009,0.0002,0.0001,0.0035
72.066667,2162,1,321,111,102,102,neutral,0.9205,0.9205,0.0006,0.0003,0.0739,0.0007,0.0002,0.0001,0.0037
72.100000,2163,1,322,113,100,100,neutral,0.9602,0.9602,0.0006,0.0001,0.0333,0.0010,0.0002,0.0000,0.0045
72.133333,2164,1,322,114,101,101,neutral,0.9415,0.9415,0.0005,0.0004,0.0481,0.0025,0.0005,0.0001,0.0065
72.166667,2165,1,323,113,101,101,neutral,0.9728,0.9728,0.0011,0.0001,0.0199,0.0011,0.0002,0.0000,0.0047
72.200000,2166,1,322,114,101,101,neutral,0.9790,0.9790,0.0006,0.0001,0.0156,0.0011,0.0001,0.0000,0.0034
72.233333,2167,1,321,111,105,105,neutral,0.9402,0.9402,0.0014,0.0003,0.0464,0.0033,0.0007,0.0001,0.0075
72.266667,2168,1,320,112,106,106,neutral,0.9341,0.9341,0.0005,0.0003,0.0561,0.0029,0.0005,0.0001,0.0055
72.300000,2169,1,320,112,105,105,neutral,0.9367,0.9367,0.0005,0.0005,0.0541,0.0029,0.0005,0.0001,0.0047
72.333333,2170,1,320,113,104,104,neutral,0.9515,0.9515,0.0004,0.0004,0.0418,0.0016,0.0003,0.0001,0.0040
72.366667,2171,1,321,112,104,104,neutral,0.9627,0.9627,0.0004,0.0004,0.0306,0.0020,0.0003,0.0001,0.0036
72.400000,2172,1,322,112,101,101,neutral,0.9740,0.9740,0.0006,0.0003,0.0199,0.0016,0.0002,0.0000,0.0034
72.433333,2173,1,324,113,99,99,neutral,0.9775,0.9775,0.0007,0.0002,0.0171,0.0013,0.0002,0.0000,0.0031
72.466667,2174,1,322,112,100,100,neutral,0.9647,0.9647,0.0004,0.0003,0.0293,0.0018,0.0002,0.0001,0.0033
72.500000,2175,1,324,112,100,100,neutral,0.9845,0.9845,0.0002,0.0003,0.0124,0.0008,0.0001,0.0000,0.0017
72.533333,2176,1,323,111,100,100,neutral,0.9851,0.9851,0.0002,0.0002,0.0120,0.0007,0.0001,0.0000,0.0017
72.566667,2177,1,322,109,101,101,neutral,0.9869,0.9869,0.0002,0.0003,0.0107,0.0005,0.0000,0.0000,0.0013
72.600000,2178,1,319,107,103,103,neutral,0.9897,0.9897,0.0002,0.0002,0.0078,0.0007,0.0000,0.0000,0.0014
72.633333,2179,1,317,104,106,106,neutral,0.9866,0.9866,0.0002,0.0003,0.0104,0.0009,0.0001,0.0000,0.0015
72.666667,2180,1,318,103,106,106,neutral,0.9846,0.9846,0.0001,0.0002,0.0131,0.0007,0.0001,0.0000,0.0012
72.700000,2181,1,315,103,107,107,neutral,0.9854,0.9854,0.0002,0.0002,0.0115,0.0011,0.0001,0.0000,0.0015
72.733333,2182,1,315,101,109,109,neutral,0.9851,0.9851,0.0002,0.0002,0.0123,0.0008,0.0001,0.0000,0.0014
72.766667,2183,1,312,98,110,110,neutral,0.9863,0.9863,0.0002,0.0003,0.0104,0.0010,0.0001,0.0000,0.0017
72.800000,2184,1,308,97,112,112,neutral,0.9827,0.9827,0.0002,0.0003,0.0137,0.0012,0.0001,0.0000,0.0018
72.833333,2185,1,306,97,113,113,neutral,0.9786,0.9786,0.0002,0.0004,0.0178,0.0012,0.0001,0.0000,0.0017
72.866667,2186,1,306,97,112,112,neutral,0.9794,0.9794,0.0001,0.0006,0.0171,0.0012,0.0001,0.0000,0.0015
72.900000,2187,1,306,97,111,111,neutral,0.9771,0.9771,0.0001,0.0004,0.0200,0.0009,0.0001,0.0000,0.0014
72.933333,2188,1,305,98,111,111,neutral,0.9745,0.9745,0.0001,0.0006,0.0217,0.0014,0.0001,0.0000,0.0015
72.966667,2189,1,304,98,111,111,neutral,0.9702,0.9702,0.0001,0.0010,0.0255,0.0014,0.0001,0.0001,0.0016
73.000000,2190,1,305,99,111,111,neutral,0.9839,0.9839,0.0001,0.0006,0.0136,0.0007,0.0001,0.0000,0.0010
73.033333,2191,1,305,99,111,111,neutral,0.9880,0.9880,0.0001,0.0005,0.0099,0.0006,0.0000,0.0000,0.0010
73.066667,2192,1,305,100,110,110,neutral,0.9889,0.9889,0.0001,0.0004,0.0089,0.0006,0.0000,0.0000,0.0010
73.100000,2193,1,306,100,109,109,neutral,0.9886,0.9886,0.0001,0.0004,0.0092,0.0007,0.0000,0.0000,0.0009
73.133333,2194,1,306,100,109,109,neutral,0.9904,0.9904,0.0001,0.0003,0.0075,0.0007,0.0000,0.0000,0.0010
73.166667,2195,1,306,100,110,110,neutral,0.9935,0.9935,0.0001,0.0002,0.0043,0.0006,0.0000,0.0000,0.0012
73.200000,2196,1,305,100,111,111,neutral,0.9924,0.9924,0.0001,0.0002,0.0057,0.0005,0.0000,0.0000,0.0010
73.233333,2197,1,305,99,112,112,neutral,0.9935,0.9935,0.0002,0.0002,0.0043,0.0006,0.0000,0.0000,0.0012
73.266667,2198,1,306,100,111,111,neutral,0.9950,0.9950,0.0002,0.0001,0.0030,0.0004,0.0000,0.0000,0.0011
73.300000,2199,1,307,100,110,110,neutral,0.9947,0.9947,0.0002,0.0001,0.0032,0.0005,0.0000,0.0000,0.0013
73.333333,2200,1,307,100,110,110,neutral,0.9919,0.9919,0.0004,0.0001,0.0049,0.0007,0.0001,0.0000,0.0020
73.366667,2201,1,307,99,112,112,neutral,0.9888,0.9888,0.0004,0.0001,0.0076,0.0009,0.0001,0.0000,0.0022
73.400000,2202,1,306,99,112,112,neutral,0.9845,0.9845,0.0014,0.0001,0.0087,0.0011,0.0001,0.0000,0.0040
73.433333,2203,1,307,101,110,110,neutral,0.9860,0.9860,0.0007,0.0001,0.0090,0.0011,0.0001,0.0000,0.0031
73.466667,2204,1,307,102,108,108,neutral,0.9876,0.9876,0.0004,0.0001,0.0083,0.0012,0.0001,0.0000,0.0024
73.500000,2205,1,307,102,109,109,neutral,0.9838,0.9838,0.0002,0.0001,0.0126,0.0013,0.0001,0.0000,0.0019
73.533333,2206,1,306,102,108,108,neutral,0.9791,0.9791,0.0002,0.0004,0.0147,0.0032,0.0002,0.0000,0.0022
73.566667,2207,1,307,103,109,109,neutral,0.9787,0.9787,0.0001,0.0004,0.0162,0.0027,0.0002,0.0000,0.0017
73.600000,2208,1,306,102,110,110,neutral,0.9729,0.9729,0.0001,0.0002,0.0208,0.0037,0.0002,0.0000,0.0020
73.633333,2209,1,306,101,109,109,neutral,0.9711,0.9711,0.0002,0.0007,0.0209,0.0045,0.0003,0.0001,0.0023
73.666667,2210,1,307,101,109,109,neutral,0.9752,0.9752,0.0001,0.0004,0.0192,0.0032,0.0002,0.0000,0.0017
73.700000,2211,1,308,101,108,108,neutral,0.9765,0.9765,0.0001,0.0005,0.0169,0.0038,0.0002,0.0000,0.0020
73.733333,2212,1,308,101,108,108,neutral,0.9768,0.9768,0.0001,0.0003,0.0174,0.0034,0.0002,0.0000,0.0018
73.766667,2213,1,307,100,109,109,neutral,0.9788,0.9788,0.0001,0.0007,0.0149,0.0035,0.0002,0.0000,0.0018
73.800000,2214,1,307,100,110,110,neutral,0.9779,0.9779,0.0002,0.0010,0.0149,0.0034,0.0002,0.0001,0.0023
73.833333,2215,1,307,101,109,109,neutral,0.9725,0.9725,0.0002,0.0007,0.0211,0.0032,0.0002,0.0001,0.0020
73.866667,2216,1,307,101,109,109,neutral,0.9751,0.9751,0.0002,0.0004,0.0181,0.0035,0.0002,0.0000,0.0024
73.900000,2217,1,306,100,110,110,neutral,0.9786,0.9786,0.0004,0.0004,0.0137,0.0031,0.0003,0.0000,0.0035
73.933333,2218,1,307,102,109,109,neutral,0.9675,0.9675,0.0007,0.0004,0.0198,0.0058,0.0006,0.0001,0.0053
73.966667,2219,1,306,103,110,110,neutral,0.9668,0.9668,0.0004,0.0004,0.0244,0.0038,0.0003,0.0001,0.0038
74.000000,2220,1,307,105,109,109,neutral,0.9592,0.9592,0.0005,0.0003,0.0301,0.0044,0.0005,0.0001,0.0049
74.033333,2221,1,307,108,107,107,neutral,0.9412,0.9412,0.0003,0.0003,0.0477,0.0053,0.0006,0.0001,0.0047
74.066667,2222,1,308,108,106,106,neutral,0.9253,0.9253,0.0005,0.0002,0.0568,0.0096,0.0010,0.0001,0.0066
74.100000,2223,1,311,110,105,105,neutral,0.9351,0.9351,0.0005,0.0003,0.0490,0.0083,0.0008,0.0001,0.0059
74.133333,2224,1,309,111,105,105,neutral,0.9475,0.9475,0.0007,0.0003,0.0372,0.0082,0.0008,0.0001,0.0052
74.166667,2225,1,309,112,106,106,neutral,0.9498,0.9498,0.0014,0.0004,0.0369,0.0055,0.0007,0.0001,0.0053
74.200000,2226,1,310,111,109,109,neutral,0.9507,0.9507,0.0016,0.0009,0.0351,0.0056,0.0007,0.0001,0.0052
74.233333,2227,1,310,114,109,109,neutral,0.9451,0.9451,0.0016,0.0009,0.0418,0.0047,0.0007,0.0002,0.0050
74.266667,2228,1,310,114,110,110,neutral,0.9445,0.9445,0.0013,0.0012,0.0425,0.0047,0.0007,0.0002,0.0048
74.300000,2229,1,309,114,109,109,neutral,0.9525,0.9525,0.0029,0.0016,0.0289,0.0061,0.0010,0.0003,0.0067
74.333333,2230,1,309,113,111,111,neutral,0.9563,0.9563,0.0021,0.0007,0.0311,0.0038,0.0006,0.0001,0.0053
74.366667,2231,1,308,112,112,112,neutral,0.9540,0.9540,0.0020,0.0006,0.0325,0.0044,0.0006,0.0001,0.0058
74.400000,2232,1,308,112,112,112,neutral,0.9539,0.9539,0.0019,0.0007,0.0340,0.0039,0.0006,0.0001,0.0050
74.433333,2233,1,307,111,112,112,neutral,0.9612,0.9612,0.0024,0.0004,0.0242,0.0048,0.0006,0.0001,0.0062
74.466667,2234,1,307,112,111,111,neutral,0.9577,0.9577,0.0021,0.0005,0.0290,0.0042,0.0006,0.0001,0.0057
74.500000,2235,1,307,112,111,111,neutral,0.9572,0.9572,0.0022,0.0006,0.0291,0.0043,0.0006,0.0001,0.0059
74.533333,2236,1,306,111,111,111,neutral,0.9629,0.9629,0.0020,0.0004,0.0253,0.0036,0.0005,0.0001,0.0053
74.566667,2237,1,306,109,111,111,neutral,0.9694,0.9694,0.0055,0.0004,0.0144,0.0031,0.0005,0.0001,0.0067
74.600000,2238,1,303,107,112,112,neutral,0.9683,0.9683,0.0020,0.0005,0.0205,0.0035,0.0004,0.0001,0.0047
74.633333,2239,1,306,110,110,110,neutral,0.9705,0.9705,0.0032,0.0004,0.0148,0.0041,0.0005,0.0001,0.0064
74.666667,2240,1,306,110,107,107,neutral,0.9728,0.9728,0.0011,0.0003,0.0161,0.0041,0.0004,0.0000,0.0050
74.700000,2241,1,307,111,106,106,neutral,0.9757,0.9757,0.0011,0.0003,0.0132,0.0043,0.0004,0.0000,0.0050
74.733333,2242,1,306,110,107,107,neutral,0.9783,0.9783,0.0012,0.0003,0.0117,0.0038,0.0003,0.0000,0.0042
74.766667,2243,1,306,109,108,108,neutral,0.9787,0.9787,0.0036,0.0006,0.0094,0.0028,0.0003,0.0001,0.0045
74.800000,2244,1,308,107,109,109,neutral,0.9842,0.9842,0.0008,0.0003,0.0090,0.0027,0.0002,0.0000,0.0028
74.833333,2245,1,308,107,109,109,neutral,0.9842,0.9842,0.0008,0.0003,0.0090,0.0027,0.0002,0.0000,0.0028
74.866667,2246,1,305,104,111,111,neutral,0.9822,0.9822,0.0004,0.0003,0.0116,0.0027,0.0002,0.0000,0.0026
74.900000,2247,1,306,103,110,110,neutral,0.9722,0.9722,0.0006,0.0004,0.0191,0.0039,0.0003,0.0000,0.0033
74.933333,2248,1,308,104,107,107,neutral,0.9804,0.9804,0.0003,0.0003,0.0116,0.0042,0.0002,0.0000,0.0028
74.966667,2249,1,307,104,108,108,neutral,0.9868,0.9868,0.0003,0.0002,0.0070,0.0029,0.0002,0.0000,0.0025
75.000000,2250,1,307,102,109,109,neutral,0.9898,0.9898,0.0003,0.0001,0.0060,0.0014,0.0001,0.0000,0.0022
75.033333,2251,1,306,100,111,111,neutral,0.9899,0.9899,0.0002,0.0001,0.0057,0.0017,0.0001,0.0000,0.0022
75.066667,2252,1,305,98,112,112,neutral,0.9882,0.9882,0.0002,0.0002,0.0077,0.0016,0.0001,0.0000,0.0021
75.100000,2253,1,306,98,112,112,neutral,0.9904,0.9904,0.0001,0.0001,0.0060,0.0014,0.0001,0.0000,0.0019
75.133333,2254,1,306,97,112,112,neutral,0.9912,0.9912,0.0001,0.0001,0.0049,0.0018,0.0001,0.0000,0.0018
75.166667,2255,1,306,95,112,112,neutral,0.9932,0.9932,0.0002,0.0002,0.0031,0.0014,0.0001,0.0000,0.0018
75.200000,2256,1,307,95,112,112,neutral,0.9928,0.9928,0.0002,0.0001,0.0037,0.0013,0.0001,0.0000,0.0018
75.233333,2257,1,307,96,112,112,neutral,0.9902,0.9902,0.0003,0.0001,0.0045,0.0019,0.0001,0.0000,0.0028
75.266667,2258,1,307,98,112,112,neutral,0.9866,0.9866,0.0006,0.0002,0.0069,0.0018,0.0002,0.0000,0.0037
75.300000,2259,1,308,99,111,111,neutral,0.9846,0.9846,0.0005,0.0002,0.0087,0.0021,0.0002,0.0000,0.0038
75.333333,2260,1,309,99,110,110,neutral,0.9866,0.9866,0.0004,0.0001,0.0078,0.0016,0.0001,0.0000,0.0034
75.366667,2261,1,309,99,109,109,neutral,0.9874,0.9874,0.0005,0.0001,0.0070,0.0015,0.0001,0.0000,0.0033
75.400000,2262,1,314,102,104,104,neutral,0.9911,0.9911,0.0005,0.0001,0.0038,0.0014,0.0001,0.0000,0.0030
75.433333,2263,1,315,104,103,103,neutral,0.9891,0.9891,0.0007,0.0001,0.0046,0.0014,0.0001,0.0000,0.0040
75.466667,2264,1,316,103,104,104,neutral,0.9894,0.9894,0.0007,0.0001,0.0043,0.0017,0.0001,0.0000,0.0036
75.500000,2265,1,314,102,106,106,neutral,0.9843,0.9843,0.0021,0.0002,0.0059,0.0024,0.0003,0.0000,0.0048
75.533333,2266,1,313,102,107,107,neutral,0.9805,0.9805,0.0017,0.0002,0.0090,0.0031,0.0004,0.0000,0.0051
75.566667,2267,1,313,103,106,106,neutral,0.9861,0.9861,0.0008,0.0002,0.0060,0.0031,0.0002,0.0000,0.0035
75.600000,2268,1,312,104,107,107,neutral,0.9855,0.9855,0.0008,0.0003,0.0067,0.0033,0.0002,0.0000,0.0032
75.633333,2269,1,312,104,106,106,neutral,0.9849,0.9849,0.0009,0.0003,0.0070,0.0032,0.0003,0.0000,0.0034
75.666667,2270,1,312,104,106,106,neutral,0.9824,0.9824,0.0009,0.0004,0.0082,0.0041,0.0003,0.0000,0.0037
75.700000,2271,1,312,103,108,108,neutral,0.9798,0.9798,0.0007,0.0003,0.0101,0.0051,0.0004,0.0000,0.0036
75.733333,2272,1,311,101,110,110,neutral,0.9777,0.9777,0.0009,0.0006,0.0123,0.0041,0.0004,0.0001,0.0039
75.766667,2273,1,311,99,111,111,neutral,0.9820,0.9820,0.0005,0.0002,0.0094,0.0040,0.0003,0.0000,0.0035
75.800000,2274,1,311,98,111,111,neutral,0.9833,0.9833,0.0004,0.0003,0.0094,0.0033,0.0002,0.0000,0.0031
75.833333,2275,1,310,96,112,112,neutral,0.9844,0.9844,0.0002,0.0001,0.0107,0.0019,0.0001,0.0000,0.0025
75.866667,2276,1,310,97,112,112,neutral,0.9846,0.9846,0.0002,0.0002,0.0099,0.0024,0.0002,0.0000,0.0024
75.900000,2277,1,310,96,112,112,neutral,0.9841,0.9841,0.0003,0.0003,0.0107,0.0022,0.0001,0.0000,0.0023
75.933333,2278,1,311,97,111,111,neutral,0.9851,0.9851,0.0002,0.0003,0.0095,0.0026,0.0001,0.0000,0.0021
75.966667,2279,1,311,98,111,111,neutral,0.9811,0.9811,0.0003,0.0003,0.0131,0.0024,0.0002,0.0000,0.0026
76.000000,2280,1,312,98,111,111,neutral,0.9821,0.9821,0.0002,0.0002,0.0132,0.0020,0.0001,0.0000,0.0022
76.033333,2281,1,312,99,110,110,neutral,0.9870,0.9870,0.0001,0.0002,0.0093,0.0016,0.0001,0.0000,0.0017
76.066667,2282,1,312,98,109,109,neutral,0.9863,0.9863,0.0002,0.0001,0.0092,0.0019,0.0001,0.0000,0.0021
76.100000,2283,1,313,98,109,109,neutral,0.9882,0.9882,0.0001,0.0001,0.0079,0.0017,0.0001,0.0000,0.0018
76.133333,2284,1,314,99,107,107,neutral,0.9893,0.9893,0.0001,0.0002,0.0069,0.0018,0.0001,0.0000,0.0016
76.166667,2285,1,315,99,105,105,neutral,0.9880,0.9880,0.0001,0.0001,0.0085,0.0018,0.0001,0.0000,0.0014
76.200000,2286,1,314,99,106,106,neutral,0.9897,0.9897,0.0001,0.0002,0.0070,0.0016,0.0001,0.0000,0.0014
76.233333,2287,1,314,98,106,106,neutral,0.9874,0.9874,0.0001,0.0003,0.0079,0.0026,0.0001,0.0000,0.0016
76.266667,2288,1,313,98,107,107,neutral,0.9876,0.9876,0.0001,0.0002,0.0077,0.0024,0.0001,0.0000,0.0018
76.300000,2289,1,313,98,107,107,neutral,0.9880,0.9880,0.0001,0.0002,0.0075,0.0022,0.0001,0.0000,0.0018
76.333333,2290,1,314,98,105,105,neutral,0.9875,0.9875,0.0001,0.0002,0.0071,0.0029,0.0001,0.0000,0.0019
76.366667,2291,1,314,98,105,105,neutral,0.9890,0.9890,0.0001,0.0002,0.0057,0.0029,0.0001,0.0000,0.0019
76.400000,2292,1,314,98,106,106,neutral,0.9911,0.9911,0.0001,0.0003,0.0050,0.0021,0.0001,0.0000,0.0014
76.433333,2293,1,314,98,106,106,neutral,0.9894,0.9894,0.0001,0.0003,0.0064,0.0022,0.0001,0.0000,0.0015
76.466667,2294,1,317,98,104,104,neutral,0.9857,0.9857,0.0001,0.0003,0.0092,0.0025,0.0002,0.0000,0.0020
76.500000,2295,1,318,100,103,103,neutral,0.9845,0.9845,0.0002,0.0004,0.0097,0.0028,0.0002,0.0000,0.0022
76.533333,2296,1,317,100,103,103,neutral,0.9882,0.9882,0.0001,0.0003,0.0070,0.0025,0.0001,0.0000,0.0019
76.566667,2297,1,317,100,103,103,neutral,0.9869,0.9869,0.0001,0.0003,0.0080,0.0025,0.0001,0.0000,0.0020
76.600000,2298,1,318,101,103,103,neutral,0.9828,0.9828,0.0001,0.0004,0.0119,0.0028,0.0002,0.0000,0.0018
76.633333,2299,1,317,101,103,103,neutral,0.9842,0.9842,0.0001,0.0005,0.0093,0.0035,0.0002,0.0000,0.0021
76.666667,2300,1,317,102,102,102,neutral,0.9856,0.9856,0.0001,0.0007,0.0074,0.0037,0.0002,0.0000,0.0021
76.700000,2301,1,318,102,102,102,neutral,0.9829,0.9829,0.0001,0.0009,0.0103,0.0033,0.0002,0.0001,0.0022
76.733333,2302,1,319,103,100,100,neutral,0.9824,0.9824,0.0002,0.0007,0.0103,0.0038,0.0002,0.0000,0.0024
76.766667,2303,1,319,101,101,101,neutral,0.9811,0.9811,0.0003,0.0007,0.0104,0.0039,0.0003,0.0001,0.0033
76.800000,2304,1,316,100,105,105,neutral,0.9702,0.9702,0.0003,0.0008,0.0216,0.0034,0.0003,0.0001,0.0032
76.833333,2305,1,316,100,105,105,neutral,0.9701,0.9701,0.0003,0.0008,0.0217,0.0034,0.0003,0.0001,0.0032
76.866667,2306,1,313,99,107,107,neutral,0.9687,0.9687,0.0002,0.0010,0.0225,0.0039,0.0004,0.0001,0.0032
76.900000,2307,1,312,99,106,106,neutral,0.9632,0.9632,0.0003,0.0007,0.0257,0.0051,0.0006,0.0001,0.0043
76.933333,2308,1,313,99,107,107,neutral,0.9695,0.9695,0.0002,0.0011,0.0227,0.0034,0.0003,0.0001,0.0026
76.966667,2309,1,313,100,106,106,neutral,0.9730,0.9730,0.0002,0.0008,0.0199,0.0031,0.0003,0.0001,0.0026
77.000000,2310,1,314,100,105,105,neutral,0.9678,0.9678,0.0002,0.0007,0.0254,0.0027,0.0003,0.0001,0.0028
77.033333,2311,1,314,100,105,105,neutral,0.9710,0.9710,0.0002,0.0004,0.0233,0.0024,0.0002,0.0001,0.0024
77.066667,2312,1,313,100,106,106,neutral,0.9737,0.9737,0.0002,0.0004,0.0196,0.0031,0.0003,0.0001,0.0026
77.100000,2313,1,313,99,106,106,neutral,0.9777,0.9777,0.0003,0.0004,0.0152,0.0032,0.0003,0.0000,0.0029
77.133333,2314,1,311,100,106,106,neutral,0.9662,0.9662,0.0002,0.0008,0.0232,0.0056,0.0005,0.0001,0.0034
77.166667,2315,1,310,99,107,107,neutral,0.9556,0.9556,0.0004,0.0024,0.0259,0.0092,0.0010,0.0003,0.0051
77.200000,2316,1,312,101,106,106,neutral,0.9655,0.9655,0.0002,0.0010,0.0246,0.0053,0.0004,0.0001,0.0029
77.233333,2317,1,313,101,105,105,neutral,0.9750,0.9750,0.0002,0.0003,0.0185,0.0033,0.0002,0.0000,0.0024
77.266667,2318,1,314,101,104,104,neutral,0.9852,0.9852,0.0003,0.0003,0.0079,0.0035,0.0002,0.0000,0.0025
77.300000,2319,1,315,101,105,105,neutral,0.9805,0.9805,0.0003,0.0002,0.0136,0.0027,0.0002,0.0000,0.0025
77.333333,2320,1,315,102,105,105,neutral,0.9818,0.9818,0.0002,0.0004,0.0122,0.0032,0.0002,0.0000,0.0020
77.366667,2321,1,315,101,105,105,neutral,0.9710,0.9710,0.0003,0.0006,0.0222,0.0029,0.0003,0.0001,0.0027
77.400000,2322,1,315,101,105,105,neutral,0.9696,0.9696,0.0003,0.0009,0.0227,0.0034,0.0003,0.0001,0.0027
77.433333,2323,1,315,101,105,105,neutral,0.9647,0.9647,0.0003,0.0013,0.0276,0.0032,0.0003,0.0001,0.0025
77.466667,2324,1,315,101,105,105,neutral,0.9573,0.9573,0.0003,0.0032,0.0306,0.0046,0.0005,0.0003,0.0031
77.500000,2325,1,314,101,106,106,neutral,0.9620,0.9620,0.0003,0.0012,0.0288,0.0040,0.0004,0.0002,0.0031
77.533333,2326,1,313,100,108,108,neutral,0.9545,0.9545,0.0004,0.0024,0.0317,0.0059,0.0007,0.0003,0.0039
77.566667,2327,1,312,99,109,109,neutral,0.9482,0.9482,0.0005,0.0054,0.0318,0.0080,0.0010,0.0006,0.0045
77.600000,2328,1,311,99,110,110,neutral,0.9458,0.9458,0.0006,0.0028,0.0405,0.0048,0.0007,0.0004,0.0043
77.633333,2329,1,311,99,110,110,neutral,0.9552,0.9552,0.0006,0.0020,0.0340,0.0038,0.0005,0.0003,0.0037
77.666667,2330,1,311,99,110,110,neutral,0.9596,0.9596,0.0006,0.0007,0.0317,0.0032,0.0004,0.0001,0.0036
77.700000,2331,1,312,100,108,108,neutral,0.9618,0.9618,0.0005,0.0005,0.0290,0.0037,0.0004,0.0001,0.0041
77.733333,2332,1,313,101,107,107,neutral,0.9706,0.9706,0.0003,0.0004,0.0224,0.0032,0.0003,0.0000,0.0029
77.766667,2333,1,312,99,106,106,neutral,0.9601,0.9601,0.0004,0.0004,0.0300,0.0045,0.0005,0.0001,0.0041
77.800000,2334,1,311,99,105,105,neutral,0.9533,0.9533,0.0003,0.0003,0.0370,0.0043,0.0004,0.0001,0.0044
77.833333,2335,1,310,100,104,104,neutral,0.9421,0.9421,0.0004,0.0005,0.0483,0.0037,0.0005,0.0001,0.0045
77.866667,2336,1,310,99,104,104,neutral,0.9248,0.9248,0.0006,0.0006,0.0653,0.0030,0.0005,0.0001,0.0050
77.900000,2337,1,308,95,108,108,neutral,0.9182,0.9182,0.0007,0.0008,0.0694,0.0047,0.0007,0.0002,0.0053
77.933333,2338,1,308,95,108,108,neutral,0.9396,0.9396,0.0005,0.0007,0.0497,0.0038,0.0006,0.0001,0.0049
77.966667,2339,1,306,93,112,112,neutral,0.9312,0.9312,0.0004,0.0016,0.0583,0.0039,0.0005,0.0003,0.0038
78.000000,2340,1,306,92,111,111,neutral,0.9572,0.9572,0.0003,0.0005,0.0348,0.0033,0.0003,0.0001,0.0034
78.033333,2341,1,307,92,111,111,neutral,0.9715,0.9715,0.0002,0.0004,0.0230,0.0021,0.0002,0.0000,0.0025
78.066667,2342,1,306,92,110,110,neutral,0.9786,0.9786,0.0002,0.0003,0.0169,0.0021,0.0001,0.0000,0.0018
78.100000,2343,1,306,92,110,110,neutral,0.9783,0.9783,0.0001,0.0002,0.0172,0.0021,0.0001,0.0000,0.0019
78.133333,2344,1,302,90,112,112,neutral,0.9887,0.9887,0.0001,0.0002,0.0079,0.0015,0.0001,0.0000,0.0015
78.166667,2345,1,304,90,109,109,neutral,0.9933,0.9933,0.0002,0.0002,0.0038,0.0012,0.0001,0.0000,0.0012
78.200000,2346,1,306,92,106,106,neutral,0.9932,0.9932,0.0002,0.0002,0.0040,0.0010,0.0001,0.0000,0.0013
78.233333,2347,1,308,92,104,104,neutral,0.9925,0.9925,0.0002,0.0003,0.0047,0.0011,0.0001,0.0000,0.0012
78.266667,2348,1,308,92,104,104,neutral,0.9919,0.9919,0.0001,0.0004,0.0053,0.0010,0.0001,0.0000,0.0011
78.300000,2349,1,305,92,107,107,neutral,0.9897,0.9897,0.0001,0.0003,0.0074,0.0012,0.0001,0.0000,0.0013
78.333333,2350,1,305,93,107,107,neutral,0.9890,0.9890,0.0001,0.0003,0.0071,0.0017,0.0001,0.0000,0.0016
78.366667,2351,1,304,93,108,108,neutral,0.9897,0.9897,0.0001,0.0004,0.0069,0.0015,0.0001,0.0000,0.0013
78.400000,2352,1,303,94,107,107,neutral,0.9911,0.9911,0.0001,0.0003,0.0058,0.0015,0.0001,0.0000,0.0011
78.433333,2353,1,302,94,108,108,neutral,0.9915,0.9915,0.0001,0.0003,0.0056,0.0015,0.0001,0.0000,0.0010
78.466667,2354,1,302,94,106,106,neutral,0.9913,0.9913,0.0001,0.0005,0.0062,0.0010,0.0001,0.0000,0.0009
78.500000,2355,1,300,92,108,108,neutral,0.9920,0.9920,0.0001,0.0003,0.0053,0.0012,0.0001,0.0000,0.0010
78.533333,2356,1,301,93,106,106,neutral,0.9930,0.9930,0.0001,0.0002,0.0046,0.0011,0.0001,0.0000,0.0010
78.566667,2357,1,302,93,104,104,neutral,0.9938,0.9938,0.0001,0.0001,0.0033,0.0013,0.0001,0.0000,0.0013
78.600000,2358,1,302,93,103,103,neutral,0.9936,0.9936,0.0001,0.0001,0.0033,0.0014,0.0001,0.0000,0.0014
78.633333,2359,1,300,92,105,105,neutral,0.9926,0.9926,0.0001,0.0001,0.0041,0.0017,0.0001,0.0000,0.0014
78.666667,2360,1,300,93,104,104,neutral,0.9933,0.9933,0.0001,0.0001,0.0028,0.0020,0.0001,0.0000,0.0016
78.700000,2361,1,301,93,103,103,neutral,0.9931,0.9931,0.0001,0.0001,0.0035,0.0018,0.0001,0.0000,0.0014
78.733333,2362,1,302,93,101,101,neutral,0.9938,0.9938,0.0001,0.0002,0.0034,0.0014,0.0001,0.0000,0.0010
78.766667,2363,1,300,93,103,103,neutral,0.9922,0.9922,0.0001,0.0003,0.0036,0.0022,0.0001,0.0000,0.0015
78.800000,2364,1,301,93,104,104,neutral,0.9934,0.9934,0.0001,0.0002,0.0033,0.0017,0.0001,0.0000,0.0012
78.833333,2365,1,300,92,107,107,neutral,0.9919,0.9919,0.0001,0.0002,0.0040,0.0023,0.0001,0.0000,0.0014
78.866667,2366,1,299,91,112,112,neutral,0.9909,0.9909,0.0001,0.0004,0.0048,0.0024,0.0001,0.0000,0.0013
78.900000,2367,1,300,92,110,110,neutral,0.9894,0.9894,0.0001,0.0004,0.0047,0.0035,0.0002,0.0000,0.0017
78.933333,2368,1,301,93,108,108,neutral,0.9877,0.9877,0.0003,0.0005,0.0056,0.0036,0.0002,0.0000,0.0021
78.966667,2369,1,301,94,109,109,neutral,0.9856,0.9856,0.0005,0.0008,0.0059,0.0045,0.0003,0.0000,0.0024
79.000000,2370,1,303,95,108,108,neutral,0.9832,0.9832,0.0006,0.0011,0.0057,0.0058,0.0004,0.0001,0.0031
79.033333,2371,1,303,98,107,107,neutral,0.9735,0.9735,0.0016,0.0023,0.0085,0.0080,0.0009,0.0002,0.0052
79.066667,2372,1,304,101,106,106,neutral,0.9650,0.9650,0.0011,0.0021,0.0137,0.0112,0.0011,0.0002,0.0056
79.100000,2373,1,303,100,110,110,neutral,0.9587,0.9587,0.0030,0.0047,0.0145,0.0100,0.0014,0.0005,0.0072
79.133333,2374,1,303,100,110,110,neutral,0.9602,0.9602,0.0021,0.0038,0.0166,0.0088,0.0013,0.0004,0.0068
79.166667,2375,1,304,101,110,110,neutral,0.9522,0.9522,0.0032,0.0031,0.0193,0.0115,0.0018,0.0004,0.0084
79.200000,2376,1,303,101,110,110,neutral,0.9560,0.9560,0.0036,0.0032,0.0175,0.0094,0.0015,0.0004,0.0084
79.233333,2377,1,304,100,110,110,neutral,0.9456,0.9456,0.0053,0.0038,0.0168,0.0146,0.0025,0.0005,0.0109
79.266667,2378,1,304,101,108,108,neutral,0.9550,0.9550,0.0061,0.0019,0.0151,0.0095,0.0017,0.0003,0.0105
79.300000,2379,1,304,102,109,109,neutral,0.9623,0.9623,0.0056,0.0016,0.0123,0.0074,0.0012,0.0002,0.0093
79.333333,2380,1,305,105,105,105,neutral,0.9685,0.9685,0.0022,0.0009,0.0078,0.0117,0.0012,0.0001,0.0076
79.366667,2381,1,307,107,104,104,neutral,0.9675,0.9675,0.0023,0.0014,0.0073,0.0126,0.0013,0.0001,0.0074
79.400000,2382,1,308,109,102,102,neutral,0.9628,0.9628,0.0027,0.0017,0.0068,0.0155,0.0017,0.0002,0.0087
79.433333,2383,1,309,108,102,102,neutral,0.9522,0.9522,0.0029,0.0036,0.0090,0.0207,0.0023,0.0003,0.0089
79.466667,2384,1,309,106,103,103,neutral,0.8985,0.8985,0.0068,0.0048,0.0180,0.0466,0.0076,0.0008,0.0169
79.500000,2385,1,310,106,101,101,neutral,0.8983,0.8983,0.0087,0.0046,0.0152,0.0459,0.0077,0.0007,0.0188
79.533333,2386,1,310,107,100,100,neutral,0.8798,0.8798,0.0113,0.0057,0.0162,0.0539,0.0101,0.0010,0.0219
79.566667,2387,1,311,108,99,99,neutral,0.8944,0.8944,0.0145,0.0087,0.0119,0.0428,0.0078,0.0011,0.0188
79.600000,2388,1,312,108,98,98,neutral,0.8312,0.8312,0.0156,0.0067,0.0159,0.0836,0.0174,0.0013,0.0283
79.633333,2389,1,313,108,98,98,neutral,0.8224,0.8224,0.0147,0.0060,0.0162,0.0903,0.0192,0.0013,0.0298
79.666667,2390,1,313,107,98,98,neutral,0.7976,0.7976,0.0115,0.0033,0.0238,0.0980,0.0256,0.0011,0.0392
79.700000,2391,1,314,107,98,98,neutral,0.8718,0.8718,0.0042,0.0013,0.0185,0.0673,0.0116,0.0003,0.0250
79.733333,2392,1,313,107,99,99,neutral,0.9363,0.9363,0.0022,0.0006,0.0135,0.0292,0.0037,0.0001,0.0144
79.766667,2393,1,312,107,99,99,neutral,0.9436,0.9436,0.0010,0.0005,0.0175,0.0244,0.0025,0.0001,0.0105
79.800000,2394,1,312,105,100,100,neutral,0.9205,0.9205,0.0009,0.0003,0.0205,0.0399,0.0037,0.0001,0.0140
79.833333,2395,1,312,102,103,103,neutral,0.9374,0.9374,0.0011,0.0002,0.0234,0.0237,0.0024,0.0001,0.0116
79.866667,2396,1,312,102,104,104,neutral,0.9524,0.9524,0.0025,0.0002,0.0183,0.0136,0.0017,0.0001,0.0112
79.900000,2397,1,312,102,104,104,neutral,0.9652,0.9652,0.0020,0.0002,0.0131,0.0096,0.0010,0.0000,0.0088
79.933333,2398,1,312,102,103,103,neutral,0.9736,0.9736,0.0016,0.0002,0.0087,0.0080,0.0007,0.0000,0.0072
79.966667,2399,1,312,102,104,104,neutral,0.9749,0.9749,0.0025,0.0001,0.0076,0.0065,0.0007,0.0000,0.0077
80.000000,2400,1,312,103,104,104,neutral,0.9637,0.9637,0.0006,0.0006,0.0173,0.0115,0.0009,0.0001,0.0054
80.033333,2401,1,311,103,105,105,neutral,0.9319,0.9319,0.0009,0.0026,0.0380,0.0173,0.0020,0.0004,0.0070
80.066667,2402,1,309,100,108,108,neutral,0.9515,0.9515,0.0009,0.0038,0.0215,0.0152,0.0014,0.0004,0.0052
80.100000,2403,1,308,101,110,110,neutral,0.9122,0.9122,0.0013,0.0092,0.0443,0.0211,0.0029,0.0015,0.0075
80.133333,2404,1,308,101,110,110,neutral,0.8995,0.8995,0.0017,0.0199,0.0415,0.0233,0.0035,0.0027,0.0079
80.166667,2405,1,307,103,109,109,neutral,0.9666,0.9666,0.0010,0.0051,0.0180,0.0046,0.0006,0.0004,0.0037
80.200000,2406,1,307,102,110,110,neutral,0.9641,0.9641,0.0011,0.0062,0.0168,0.0062,0.0008,0.0005,0.0043
80.233333,2407,1,307,101,110,110,neutral,0.9469,0.9469,0.0019,0.0077,0.0209,0.0134,0.0018,0.0008,0.0066
80.266667,2408,1,306,99,111,111,neutral,0.9628,0.9628,0.0011,0.0029,0.0113,0.0153,0.0012,0.0002,0.0051
80.300000,2409,1,306,99,111,111,neutral,0.9687,0.9687,0.0011,0.0020,0.0089,0.0134,0.0010,0.0002,0.0047
80.333333,2410,1,306,98,111,111,neutral,0.9685,0.9685,0.0016,0.0023,0.0104,0.0110,0.0010,0.0002,0.0050
80.366667,2411,1,306,99,110,110,neutral,0.9563,0.9563,0.0018,0.0043,0.0089,0.0203,0.0017,0.0003,0.0063
80.400000,2412,1,305,98,111,111,neutral,0.9654,0.9654,0.0016,0.0052,0.0084,0.0131,0.0011,0.0003,0.0049
80.433333,2413,1,305,99,112,112,neutral,0.9708,0.9708,0.0039,0.0049,0.0078,0.0063,0.0008,0.0003,0.0052
80.466667,2414,1,304,99,111,111,neutral,0.9792,0.9792,0.0028,0.0025,0.0055,0.0050,0.0005,0.0001,0.0043
80.500000,2415,1,303,99,110,110,neutral,0.9786,0.9786,0.0038,0.0020,0.0049,0.0052,0.0006,0.0001,0.0048
80.533333,2416,1,302,98,110,110,neutral,0.9815,0.9815,0.0028,0.0014,0.0049,0.0044,0.0005,0.0001,0.0044
80.566667,2417,1,302,98,110,110,neutral,0.9826,0.9826,0.0028,0.0013,0.0055,0.0032,0.0004,0.0001,0.0040
80.600000,2418,1,302,98,111,111,neutral,0.9839,0.9839,0.0017,0.0004,0.0079,0.0023,0.0003,0.0000,0.0035
80.633333,2419,1,303,96,110,110,neutral,0.9718,0.9718,0.0009,0.0004,0.0176,0.0046,0.0005,0.0000,0.0042
80.666667,2420,1,300,95,111,111,neutral,0.9624,0.9624,0.0008,0.0004,0.0274,0.0043,0.0005,0.0001,0.0042
80.700000,2421,1,301,95,109,109,neutral,0.9656,0.9656,0.0007,0.0003,0.0236,0.0046,0.0005,0.0000,0.0047
80.733333,2422,1,300,96,107,107,neutral,0.9572,0.9572,0.0006,0.0002,0.0325,0.0042,0.0005,0.0000,0.0047
80.766667,2423,1,298,95,109,109,neutral,0.9568,0.9568,0.0006,0.0003,0.0329,0.0042,0.0005,0.0001,0.0047
80.800000,2424,1,296,95,111,111,neutral,0.9675,0.9675,0.0005,0.0004,0.0246,0.0033,0.0003,0.0001,0.0033
80.833333,2425,1,297,94,109,109,neutral,0.9620,0.9620,0.0011,0.0013,0.0238,0.0061,0.0007,0.0002,0.0048
80.866667,2426,1,296,94,111,111,neutral,0.9763,0.9763,0.0014,0.0012,0.0129,0.0036,0.0005,0.0001,0.0040
80.900000,2427,1,296,94,107,107,neutral,0.9570,0.9570,0.0046,0.0074,0.0128,0.0098,0.0014,0.0005,0.0063
80.933333,2428,1,298,95,106,106,neutral,0.9175,0.9175,0.0162,0.0327,0.0073,0.0121,0.0026,0.0015,0.0101
80.966667,2429,1,294,92,110,110,neutral,0.8015,0.8015,0.0127,0.1366,0.0093,0.0235,0.0037,0.0044,0.0082
81.000000,2430,1,291,91,113,113,neutral,0.7329,0.7329,0.0137,0.1667,0.0108,0.0509,0.0070,0.0073,0.0107
81.033333,2431,1,292,92,112,112,neutral,0.6246,0.6246,0.0120,0.3000,0.0087,0.0331,0.0041,0.0102,0.0072
81.066667,2432,1,291,91,114,114,neutral,0.6325,0.6325,0.0065,0.3073,0.0106,0.0231,0.0033,0.0106,0.0060
81.100000,2433,1,292,92,113,113,surprise,0.5040,0.4321,0.0075,0.5040,0.0076,0.0244,0.0028,0.0168,0.0048
81.133333,2434,1,292,92,113,113,surprise,0.5495,0.3943,0.0066,0.5495,0.0058,0.0230,0.0023,0.0147,0.0039
81.166667,2435,1,291,91,114,114,surprise,0.6784,0.2802,0.0052,0.6784,0.0048,0.0143,0.0012,0.0138,0.0020
81.200000,2436,1,293,92,111,111,surprise,0.5616,0.4132,0.0029,0.5616,0.0034,0.0074,0.0009,0.0084,0.0023
81.233333,2437,1,292,93,110,110,surprise,0.5292,0.4486,0.0017,0.5292,0.0037,0.0068,0.0008,0.0074,0.0019
81.266667,2438,1,293,93,112,112,neutral,0.7499,0.7499,0.0016,0.2358,0.0037,0.0034,0.0005,0.0030,0.0021
81.300000,2439,1,295,97,110,110,neutral,0.7792,0.7792,0.0010,0.2106,0.0029,0.0024,0.0003,0.0021,0.0015
81.333333,2440,1,294,96,111,111,neutral,0.7045,0.7045,0.0009,0.2832,0.0035,0.0029,0.0003,0.0032,0.0015
81.366667,2441,1,294,96,111,111,neutral,0.7234,0.7234,0.0012,0.2615,0.0043,0.0041,0.0005,0.0033,0.0018
81.400000,2442,1,294,96,111,111,neutral,0.8304,0.8304,0.0009,0.1564,0.0049,0.0033,0.0004,0.0021,0.0017
81.433333,2443,1,294,96,110,110,neutral,0.9248,0.9248,0.0004,0.0639,0.0051,0.0028,0.0003,0.0010,0.0016
81.466667,2444,1,294,96,110,110,neutral,0.9437,0.9437,0.0004,0.0447,0.0055,0.0030,0.0003,0.0008,0.0017
81.500000,2445,1,294,96,110,110,neutral,0.9618,0.9618,0.0003,0.0276,0.0053,0.0027,0.0002,0.0005,0.0016
81.533333,2446,1,294,96,110,110,neutral,0.9708,0.9708,0.0002,0.0192,0.0050,0.0026,0.0002,0.0004,0.0015
81.566667,2447,1,294,96,110,110,neutral,0.9780,0.9780,0.0002,0.0120,0.0051,0.0027,0.0002,0.0002,0.0016
81.600000,2448,1,294,96,109,109,neutral,0.9897,0.9897,0.0001,0.0035,0.0039,0.0016,0.0001,0.0001,0.0011
81.633333,2449,1,294,96,110,110,neutral,0.9794,0.9794,0.0001,0.0111,0.0057,0.0020,0.0002,0.0002,0.0013
81.666667,2450,1,294,96,110,110,neutral,0.9221,0.9221,0.0003,0.0676,0.0054,0.0021,0.0002,0.0010,0.0013
81.700000,2451,1,294,96,111,111,neutral,0.7794,0.7794,0.0004,0.2104,0.0040,0.0020,0.0002,0.0023,0.0012
81.733333,2452,1,294,95,111,111,neutral,0.9780,0.9780,0.0002,0.0147,0.0047,0.0010,0.0001,0.0002,0.0011
81.766667,2453,1,293,95,112,112,neutral,0.9862,0.9862,0.0002,0.0051,0.0058,0.0013,0.0001,0.0001,0.0012
81.800000,2454,1,293,94,112,112,neutral,0.9924,0.9924,0.0001,0.0005,0.0050,0.0008,0.0000,0.0000,0.0011
81.833333,2455,1,293,94,112,112,neutral,0.9916,0.9916,0.0001,0.0007,0.0052,0.0010,0.0001,0.0000,0.0013
81.866667,2456,1,292,93,113,113,neutral,0.9898,0.9898,0.0001,0.0003,0.0074,0.0010,0.0001,0.0000,0.0013
81.900000,2457,1,293,94,113,113,neutral,0.9923,0.9923,0.0001,0.0002,0.0057,0.0006,0.0000,0.0000,0.0011
81.933333,2458,1,294,95,111,111,neutral,0.9912,0.9912,0.0001,0.0002,0.0067,0.0006,0.0000,0.0000,0.0011
81.966667,2459,1,293,94,111,111,neutral,0.9917,0.9917,0.0001,0.0001,0.0061,0.0007,0.0000,0.0000,0.0013
82.000000,2460,1,292,93,113,113,neutral,0.9895,0.9895,0.0001,0.0001,0.0082,0.0007,0.0000,0.0000,0.0013
82.033333,2461,1,292,93,112,112,neutral,0.9898,0.9898,0.0001,0.0002,0.0077,0.0007,0.0000,0.0000,0.0014
82.066667,2462,1,293,94,110,110,neutral,0.9929,0.9929,0.0002,0.0002,0.0047,0.0007,0.0000,0.0000,0.0013
82.100000,2463,1,294,95,109,109,neutral,0.9940,0.9940,0.0002,0.0001,0.0034,0.0008,0.0000,0.0000,0.0014
82.133333,2464,1,293,96,110,110,neutral,0.9913,0.9913,0.0001,0.0002,0.0058,0.0010,0.0001,0.0000,0.0015
82.166667,2465,1,294,96,110,110,neutral,0.9902,0.9902,0.0001,0.0001,0.0073,0.0008,0.0000,0.0000,0.0015
82.200000,2466,1,293,96,110,110,neutral,0.9915,0.9915,0.0001,0.0002,0.0055,0.0011,0.0001,0.0000,0.0015
82.233333,2467,1,294,96,109,109,neutral,0.9926,0.9926,0.0001,0.0001,0.0051,0.0007,0.0000,0.0000,0.0013
82.266667,2468,1,294,95,109,109,neutral,0.9938,0.9938,0.0001,0.0001,0.0037,0.0009,0.0000,0.0000,0.0013
82.300000,2469,1,294,95,110,110,neutral,0.9944,0.9944,0.0001,0.0002,0.0035,0.0007,0.0000,0.0000,0.0011
82.333333,2470,1,295,97,108,108,neutral,0.9936,0.9936,0.0001,0.0001,0.0044,0.0006,0.0000,0.0000,0.0011
82.366667,2471,1,296,98,109,109,neutral,0.9927,0.9927,0.0001,0.0001,0.0049,0.0009,0.0000,0.0000,0.0013
82.400000,2472,1,296,98,110,110,neutral,0.9929,0.9929,0.0001,0.0002,0.0047,0.0008,0.0000,0.0000,0.0012
82.433333,2473,1,297,100,107,107,neutral,0.9940,0.9940,0.0001,0.0001,0.0035,0.0010,0.0000,0.0000,0.0013
82.466667,2474,1,294,100,109,109,neutral,0.9953,0.9953,0.0000,0.0001,0.0024,0.0012,0.0000,0.0000,0.0009
82.500000,2475,1,296,100,109,109,neutral,0.9937,0.9937,0.0000,0.0001,0.0034,0.0014,0.0001,0.0000,0.0012
82.533333,2476,1,297,99,108,108,neutral,0.9954,0.9954,0.0001,0.0001,0.0024,0.0008,0.0000,0.0000,0.0011
82.566667,2477,1,298,99,108,108,neutral,0.9945,0.9945,0.0001,0.0001,0.0027,0.0010,0.0001,0.0000,0.0014
82.600000,2478,1,298,99,108,108,neutral,0.9941,0.9941,0.0001,0.0002,0.0028,0.0012,0.0001,0.0000,0.0015
82.633333,2479,1,297,98,109,109,neutral,0.9941,0.9941,0.0001,0.0002,0.0028,0.0014,0.0001,0.0000,0.0013
82.666667,2480,1,297,97,109,109,neutral,0.9919,0.9919,0.0002,0.0006,0.0026,0.0027,0.0001,0.0000,0.0018
82.700000,2481,1,296,97,110,110,neutral,0.9918,0.9918,0.0001,0.0003,0.0039,0.0022,0.0001,0.0000,0.0016
82.733333,2482,1,297,97,110,110,neutral,0.9904,0.9904,0.0001,0.0004,0.0053,0.0021,0.0001,0.0000,0.0016
82.766667,2483,1,295,94,114,114,neutral,0.9930,0.9930,0.0001,0.0002,0.0043,0.0012,0.0001,0.0000,0.0012
82.800000,2484,1,295,94,114,114,neutral,0.9926,0.9926,0.0001,0.0002,0.0046,0.0013,0.0001,0.0000,0.0012
82.833333,2485,1,295,95,113,113,neutral,0.9897,0.9897,0.0001,0.0002,0.0064,0.0019,0.0001,0.0000,0.0015
82.866667,2486,1,294,94,115,115,neutral,0.9902,0.9902,0.0001,0.0004,0.0056,0.0021,0.0001,0.0000,0.0015
82.900000,2487,1,294,94,115,115,neutral,0.9903,0.9903,0.0001,0.0003,0.0056,0.0022,0.0001,0.0000,0.0015
82.933333,2488,1,294,94,116,116,neutral,0.9904,0.9904,0.0001,0.0003,0.0053,0.0024,0.0001,0.0000,0.0015
82.966667,2489,1,294,93,117,117,neutral,0.9906,0.9906,0.0002,0.0003,0.0052,0.0018,0.0001,0.0000,0.0018
83.000000,2490,1,293,94,118,118,neutral,0.9914,0.9914,0.0002,0.0003,0.0040,0.0024,0.0001,0.0000,0.0016
83.033333,2491,1,294,95,117,117,neutral,0.9894,0.9894,0.0001,0.0003,0.0056,0.0027,0.0001,0.0000,0.0017
83.066667,2492,1,293,93,120,120,neutral,0.9878,0.9878,0.0002,0.0006,0.0070,0.0021,0.0001,0.0000,0.0020
83.100000,2493,1,293,93,119,119,neutral,0.9901,0.9901,0.0003,0.0003,0.0058,0.0015,0.0001,0.0000,0.0019
83.133333,2494,1,294,96,115,115,neutral,0.9875,0.9875,0.0002,0.0002,0.0073,0.0025,0.0001,0.0000,0.0023
83.166667,2495,1,295,96,114,114,neutral,0.9925,0.9925,0.0003,0.0002,0.0032,0.0018,0.0001,0.0000,0.0019
83.200000,2496,1,291,95,117,117,neutral,0.9881,0.9881,0.0002,0.0002,0.0076,0.0017,0.0001,0.0000,0.0021
83.233333,2497,1,292,98,116,116,neutral,0.9867,0.9867,0.0002,0.0001,0.0088,0.0019,0.0001,0.0000,0.0021
83.266667,2498,1,291,99,116,116,neutral,0.9856,0.9856,0.0002,0.0002,0.0097,0.0020,0.0001,0.0000,0.0022
83.300000,2499,1,292,99,115,115,neutral,0.9818,0.9818,0.0002,0.0002,0.0129,0.0026,0.0001,0.0000,0.0021
83.333333,2500,1,293,99,114,114,neutral,0.9858,0.9858,0.0003,0.0002,0.0098,0.0018,0.0001,0.0000,0.0020
83.366667,2501,1,293,100,114,114,neutral,0.9848,0.9848,0.0004,0.0002,0.0097,0.0023,0.0001,0.0000,0.0025
83.400000,2502,1,293,100,114,114,neutral,0.9853,0.9853,0.0003,0.0002,0.0088,0.0029,0.0002,0.0000,0.0023
83.433333,2503,1,293,99,113,113,neutral,0.9905,0.9905,0.0004,0.0001,0.0054,0.0013,0.0001,0.0000,0.0021
83.466667,2504,1,292,98,115,115,neutral,0.9861,0.9861,0.0002,0.0002,0.0096,0.0019,0.0001,0.0000,0.0019
83.500000,2505,1,292,97,115,115,neutral,0.9851,0.9851,0.0003,0.0003,0.0102,0.0018,0.0001,0.0000,0.0022
83.533333,2506,1,292,97,116,116,neutral,0.9844,0.9844,0.0002,0.0003,0.0108,0.0020,0.0001,0.0000,0.0022
83.566667,2507,1,292,98,115,115,neutral,0.9830,0.9830,0.0002,0.0004,0.0116,0.0026,0.0001,0.0000,0.0021
83.600000,2508,1,293,98,115,115,neutral,0.9855,0.9855,0.0002,0.0002,0.0102,0.0017,0.0001,0.0000,0.0021
83.633333,2509,1,293,98,115,115,neutral,0.9859,0.9859,0.0002,0.0002,0.0098,0.0017,0.0001,0.0000,0.0021
83.666667,2510,1,292,98,116,116,neutral,0.9810,0.9810,0.0002,0.0005,0.0137,0.0024,0.0001,0.0000,0.0021
83.700000,2511,1,291,98,117,117,neutral,0.9810,0.9810,0.0001,0.0009,0.0132,0.0027,0.0002,0.0001,0.0019
83.733333,2512,1,290,98,118,118,neutral,0.9829,0.9829,0.0001,0.0004,0.0122,0.0024,0.0001,0.0000,0.0018
83.766667,2513,1,290,97,118,118,neutral,0.9815,0.9815,0.0001,0.0003,0.0145,0.0017,0.0001,0.0000,0.0017
83.800000,2514,1,291,98,117,117,neutral,0.9826,0.9826,0.0001,0.0004,0.0134,0.0016,0.0001,0.0000,0.0018
83.833333,2515,1,291,99,116,116,neutral,0.9815,0.9815,0.0001,0.0004,0.0141,0.0019,0.0001,0.0000,0.0019
83.866667,2516,1,292,100,115,115,neutral,0.9853,0.9853,0.0001,0.0004,0.0103,0.0018,0.0001,0.0000,0.0020
83.900000,2517,1,292,100,115,115,neutral,0.9852,0.9852,0.0002,0.0003,0.0104,0.0018,0.0001,0.0000,0.0021
83.933333,2518,1,291,99,116,116,neutral,0.9766,0.9766,0.0001,0.0003,0.0186,0.0021,0.0001,0.0000,0.0021
83.966667,2519,1,291,99,117,117,neutral,0.9829,0.9829,0.0001,0.0002,0.0127,0.0017,0.0001,0.0000,0.0022
84.000000,2520,1,292,99,117,117,neutral,0.9839,0.9839,0.0002,0.0003,0.0110,0.0021,0.0001,0.0000,0.0024
84.033333,2521,1,291,98,118,118,neutral,0.9758,0.9758,0.0001,0.0003,0.0186,0.0025,0.0002,0.0000,0.0024
84.066667,2522,1,291,97,120,120,neutral,0.9787,0.9787,0.0001,0.0002,0.0160,0.0027,0.0001,0.0000,0.0022
84.100000,2523,1,292,96,121,121,neutral,0.9777,0.9777,0.0001,0.0003,0.0165,0.0029,0.0002,0.0000,0.0024
84.133333,2524,1,291,95,122,122,neutral,0.9831,0.9831,0.0001,0.0002,0.0118,0.0025,0.0001,0.0000,0.0021
84.166667,2525,1,291,95,123,123,neutral,0.9843,0.9843,0.0000,0.0002,0.0110,0.0027,0.0001,0.0000,0.0017
84.200000,2526,1,292,95,124,124,neutral,0.9831,0.9831,0.0001,0.0003,0.0121,0.0026,0.0001,0.0000,0.0017
84.233333,2527,1,291,95,124,124,neutral,0.9819,0.9819,0.0001,0.0004,0.0123,0.0034,0.0002,0.0000,0.0018
84.266667,2528,1,292,95,123,123,neutral,0.9796,0.9796,0.0001,0.0003,0.0141,0.0037,0.0002,0.0000,0.0020
84.300000,2529,1,292,95,123,123,neutral,0.9782,0.9782,0.0001,0.0005,0.0146,0.0042,0.0002,0.0000,0.0022
84.333333,2530,1,293,97,121,121,neutral,0.9769,0.9769,0.0001,0.0008,0.0168,0.0031,0.0002,0.0001,0.0021
84.366667,2531,1,294,97,120,120,neutral,0.9764,0.9764,0.0001,0.0009,0.0165,0.0036,0.0002,0.0001,0.0023
84.400000,2532,1,295,97,120,120,neutral,0.9748,0.9748,0.0001,0.0004,0.0195,0.0027,0.0002,0.0000,0.0022
84.433333,2533,1,296,97,119,119,neutral,0.9801,0.9801,0.0001,0.0005,0.0133,0.0032,0.0002,0.0000,0.0025
84.466667,2534,1,295,98,119,119,neutral,0.9781,0.9781,0.0001,0.0005,0.0140,0.0042,0.0003,0.0000,0.0027
84.500000,2535,1,297,98,117,117,neutral,0.9799,0.9799,0.0001,0.0004,0.0131,0.0036,0.0002,0.0000,0.0026
84.533333,2536,1,299,99,114,114,neutral,0.9814,0.9814,0.0001,0.0004,0.0108,0.0046,0.0002,0.0000,0.0024
84.566667,2537,1,300,99,113,113,neutral,0.9866,0.9866,0.0001,0.0006,0.0075,0.0032,0.0002,0.0000,0.0018
84.600000,2538,1,299,98,115,115,neutral,0.9823,0.9823,0.0002,0.0008,0.0097,0.0041,0.0002,0.0001,0.0025
84.633333,2539,1,299,97,117,117,neutral,0.9783,0.9783,0.0002,0.0016,0.0092,0.0070,0.0004,0.0001,0.0031
84.666667,2540,1,298,97,117,117,neutral,0.9770,0.9770,0.0003,0.0012,0.0131,0.0049,0.0004,0.0001,0.0031
84.700000,2541,1,297,96,117,117,neutral,0.9790,0.9790,0.0003,0.0014,0.0106,0.0054,0.0003,0.0001,0.0029
84.733333,2542,1,299,96,115,115,neutral,0.9800,0.9800,0.0006,0.0022,0.0076,0.0053,0.0004,0.0001,0.0036
84.766667,2543,1,299,95,114,114,neutral,0.9816,0.9816,0.0006,0.0018,0.0062,0.0055,0.0004,0.0001,0.0037
84.800000,2544,1,299,95,113,113,neutral,0.9866,0.9866,0.0003,0.0006,0.0053,0.0043,0.0002,0.0000,0.0026
84.833333,2545,1,299,95,113,113,neutral,0.9865,0.9865,0.0004,0.0010,0.0052,0.0037,0.0003,0.0000,0.0029
84.866667,2546,1,297,93,116,116,neutral,0.9895,0.9895,0.0004,0.0007,0.0048,0.0022,0.0001,0.0000,0.0022
84.900000,2547,1,298,94,116,116,neutral,0.9874,0.9874,0.0005,0.0007,0.0063,0.0022,0.0002,0.0000,0.0026
84.933333,2548,1,298,95,114,114,neutral,0.9856,0.9856,0.0006,0.0011,0.0076,0.0021,0.0002,0.0001,0.0027
84.966667,2549,1,298,96,112,112,neutral,0.9869,0.9869,0.0006,0.0008,0.0052,0.0032,0.0002,0.0000,0.0030
85.000000,2550,1,294,93,119,119,neutral,0.9835,0.9835,0.0008,0.0008,0.0068,0.0042,0.0003,0.0001,0.0034
85.033333,2551,1,294,95,118,118,neutral,0.9851,0.9851,0.0004,0.0009,0.0073,0.0035,0.0002,0.0000,0.0025
85.066667,2552,1,293,96,119,119,neutral,0.9731,0.9731,0.0006,0.0023,0.0148,0.0053,0.0005,0.0002,0.0033
85.100000,2553,1,293,96,120,120,neutral,0.9639,0.9639,0.0010,0.0048,0.0179,0.0069,0.0007,0.0004,0.0042
85.133333,2554,1,293,96,119,119,neutral,0.9640,0.9640,0.0010,0.0051,0.0177,0.0064,0.0008,0.0005,0.0047
85.166667,2555,1,293,96,119,119,neutral,0.9684,0.9684,0.0012,0.0044,0.0142,0.0063,0.0007,0.0003,0.0045
85.200000,2556,1,294,96,119,119,neutral,0.9731,0.9731,0.0013,0.0016,0.0130,0.0056,0.0006,0.0001,0.0047
85.233333,2557,1,294,96,119,119,neutral,0.9733,0.9733,0.0013,0.0015,0.0130,0.0055,0.0006,0.0001,0.0046
85.266667,2558,1,293,94,122,122,neutral,0.9736,0.9736,0.0009,0.0025,0.0110,0.0069,0.0006,0.0002,0.0044
85.300000,2559,1,292,94,123,123,neutral,0.9807,0.9807,0.0006,0.0011,0.0108,0.0034,0.0003,0.0001,0.0031
85.333333,2560,1,295,95,119,119,neutral,0.9753,0.9753,0.0009,0.0011,0.0165,0.0025,0.0003,0.0001,0.0033
85.366667,2561,1,295,93,118,118,neutral,0.9850,0.9850,0.0008,0.0009,0.0070,0.0028,0.0003,0.0001,0.0031
85.400000,2562,1,298,94,114,114,neutral,0.9846,0.9846,0.0009,0.0013,0.0076,0.0022,0.0002,0.0001,0.0032
85.433333,2563,1,300,94,113,113,neutral,0.9871,0.9871,0.0008,0.0014,0.0059,0.0018,0.0002,0.0001,0.0027
85.466667,2564,1,300,94,112,112,neutral,0.9885,0.9885,0.0005,0.0025,0.0044,0.0018,0.0002,0.0001,0.0020
85.500000,2565,1,301,94,111,111,neutral,0.9805,0.9805,0.0005,0.0076,0.0064,0.0024,0.0002,0.0003,0.0023
85.533333,2566,1,301,93,112,112,neutral,0.9809,0.9809,0.0003,0.0064,0.0062,0.0034,0.0003,0.0002,0.0023
85.566667,2567,1,303,93,112,112,neutral,0.9824,0.9824,0.0003,0.0056,0.0047,0.0042,0.0003,0.0002,0.0023
85.600000,2568,1,303,93,113,113,neutral,0.9889,0.9889,0.0003,0.0025,0.0033,0.0028,0.0002,0.0001,0.0019
85.633333,2569,1,304,93,112,112,neutral,0.9819,0.9819,0.0002,0.0062,0.0050,0.0041,0.0003,0.0002,0.0021
85.666667,2570,1,304,93,113,113,neutral,0.9840,0.9840,0.0003,0.0039,0.0045,0.0043,0.0003,0.0001,0.0024
85.700000,2571,1,304,93,114,114,neutral,0.9806,0.9806,0.0003,0.0067,0.0055,0.0038,0.0003,0.0003,0.0024
85.733333,2572,1,305,94,114,114,neutral,0.9854,0.9854,0.0003,0.0023,0.0054,0.0037,0.0003,0.0001,0.0026
85.766667,2573,1,305,94,114,114,neutral,0.9782,0.9782,0.0003,0.0071,0.0065,0.0043,0.0004,0.0003,0.0029
85.800000,2574,1,306,96,113,113,neutral,0.9877,0.9877,0.0002,0.0008,0.0069,0.0025,0.0002,0.0000,0.0018
85.833333,2575,1,307,96,112,112,neutral,0.9891,0.9891,0.0002,0.0005,0.0050,0.0029,0.0002,0.0000,0.0021
85.866667,2576,1,306,96,113,113,neutral,0.9852,0.9852,0.0002,0.0005,0.0079,0.0034,0.0002,0.0000,0.0025
85.900000,2577,1,306,96,114,114,neutral,0.9865,0.9865,0.0002,0.0010,0.0068,0.0031,0.0002,0.0001,0.0022
85.933333,2578,1,305,96,115,115,neutral,0.9828,0.9828,0.0001,0.0012,0.0084,0.0048,0.0003,0.0001,0.0023
85.966667,2579,1,304,95,117,117,neutral,0.9824,0.9824,0.0001,0.0007,0.0100,0.0041,0.0002,0.0000,0.0023
86.000000,2580,1,304,95,118,118,neutral,0.9785,0.9785,0.0001,0.0007,0.0135,0.0043,0.0003,0.0001,0.0025
86.033333,2581,1,304,95,117,117,neutral,0.9790,0.9790,0.0002,0.0009,0.0122,0.0049,0.0003,0.0001,0.0025
86.066667,2582,1,305,96,117,117,neutral,0.9802,0.9802,0.0002,0.0009,0.0124,0.0037,0.0002,0.0001,0.0023
86.100000,2583,1,304,95,118,118,neutral,0.9804,0.9804,0.0002,0.0024,0.0096,0.0042,0.0003,0.0001,0.0027
86.133333,2584,1,304,96,117,117,neutral,0.9786,0.9786,0.0002,0.0014,0.0115,0.0050,0.0003,0.0001,0.0029
86.166667,2585,1,305,97,116,116,neutral,0.9825,0.9825,0.0002,0.0008,0.0102,0.0037,0.0002,0.0001,0.0023
86.200000,2586,1,304,97,117,117,neutral,0.9740,0.9740,0.0002,0.0006,0.0160,0.0058,0.0004,0.0001,0.0029
86.233333,2587,1,303,97,117,117,neutral,0.9687,0.9687,0.0002,0.0005,0.0202,0.0063,0.0004,0.0001,0.0035
86.266667,2588,1,303,97,117,117,neutral,0.9713,0.9713,0.0002,0.0003,0.0195,0.0053,0.0003,0.0000,0.0030
86.300000,2589,1,302,97,117,117,neutral,0.9646,0.9646,0.0001,0.0002,0.0274,0.0043,0.0003,0.0000,0.0030
86.333333,2590,1,302,97,117,117,neutral,0.9692,0.9692,0.0002,0.0004,0.0228,0.0043,0.0003,0.0000,0.0028
86.366667,2591,1,302,95,116,116,neutral,0.9664,0.9664,0.0002,0.0004,0.0269,0.0029,0.0002,0.0001,0.0028
86.400000,2592,1,303,95,114,114,neutral,0.9767,0.9767,0.0002,0.0001,0.0153,0.0042,0.0003,0.0000,0.0033
86.433333,2593,1,303,95,114,114,neutral,0.9766,0.9766,0.0002,0.0001,0.0154,0.0041,0.0003,0.0000,0.0033
86.466667,2594,1,304,95,112,112,neutral,0.9596,0.9596,0.0002,0.0002,0.0317,0.0038,0.0003,0.0000,0.0042
86.500000,2595,1,304,95,112,112,neutral,0.9597,0.9597,0.0002,0.0001,0.0333,0.0027,0.0002,0.0000,0.0037
86.533333,2596,1,304,95,113,113,neutral,0.9614,0.9614,0.0003,0.0002,0.0310,0.0026,0.0003,0.0000,0.0042
86.566667,2597,1,304,94,115,115,neutral,0.9625,0.9625,0.0002,0.0002,0.0306,0.0028,0.0003,0.0000,0.0033
86.600000,2598,1,302,93,117,117,neutral,0.9615,0.9615,0.0002,0.0002,0.0329,0.0022,0.0002,0.0000,0.0028
86.633333,2599,1,302,94,117,117,neutral,0.9677,0.9677,0.0002,0.0005,0.0257,0.0032,0.0002,0.0001,0.0025
86.666667,2600,1,302,93,117,117,neutral,0.9813,0.9813,0.0001,0.0002,0.0142,0.0019,0.0001,0.0000,0.0021
86.700000,2601,1,303,93,116,116,neutral,0.9865,0.9865,0.0001,0.0002,0.0096,0.0016,0.0001,0.0000,0.0018
86.733333,2602,1,303,93,117,117,neutral,0.9807,0.9807,0.0001,0.0002,0.0144,0.0021,0.0001,0.0000,0.0022
86.766667,2603,1,303,93,118,118,neutral,0.9840,0.9840,0.0001,0.0003,0.0113,0.0021,0.0001,0.0000,0.0020
86.800000,2604,1,302,92,118,118,neutral,0.9878,0.9878,0.0001,0.0002,0.0086,0.0014,0.0001,0.0000,0.0018
86.833333,2605,1,302,92,118,118,neutral,0.9867,0.9867,0.0001,0.0003,0.0093,0.0015,0.0001,0.0000,0.0019
86.866667,2606,1,302,93,118,118,neutral,0.9801,0.9801,0.0002,0.0006,0.0139,0.0026,0.0002,0.0000,0.0024
86.900000,2607,1,303,93,117,117,neutral,0.9840,0.9840,0.0001,0.0004,0.0115,0.0018,0.0001,0.0000,0.0019
86.933333,2608,1,303,94,117,117,neutral,0.9808,0.9808,0.0002,0.0006,0.0125,0.0029,0.0002,0.0000,0.0027
86.966667,2609,1,304,95,115,115,neutral,0.9814,0.9814,0.0001,0.0003,0.0124,0.0031,0.0002,0.0000,0.0025
87.000000,2610,1,305,96,113,113,neutral,0.9855,0.9855,0.0001,0.0001,0.0087,0.0031,0.0002,0.0000,0.0023
87.033333,2611,1,304,96,114,114,neutral,0.9884,0.9884,0.0001,0.0002,0.0057,0.0035,0.0002,0.0000,0.0021
87.066667,2612,1,305,96,113,113,neutral,0.9879,0.9879,0.0001,0.0001,0.0057,0.0037,0.0002,0.0000,0.0023
87.100000,2613,1,304,95,115,115,neutral,0.9867,0.9867,0.0001,0.0002,0.0074,0.0032,0.0002,0.0000,0.0021
87.133333,2614,1,303,94,116,116,neutral,0.9817,0.9817,0.0001,0.0006,0.0099,0.0049,0.0003,0.0000,0.0024
87.166667,2615,1,304,95,115,115,neutral,0.9867,0.9867,0.0001,0.0004,0.0070,0.0037,0.0002,0.0000,0.0019
87.200000,2616,1,304,95,115,115,neutral,0.9882,0.9882,0.0001,0.0003,0.0059,0.0036,0.0002,0.0000,0.0019
87.233333,2617,1,305,95,115,115,neutral,0.9889,0.9889,0.0001,0.0004,0.0053,0.0031,0.0001,0.0000,0.0020
87.266667,2618,1,306,95,114,114,neutral,0.9912,0.9912,0.0001,0.0001,0.0041,0.0027,0.0001,0.0000,0.0017
87.300000,2619,1,306,94,114,114,neutral,0.9904,0.9904,0.0002,0.0001,0.0048,0.0023,0.0001,0.0000,0.0021
87.333333,2620,1,306,94,115,115,neutral,0.9872,0.9872,0.0002,0.0002,0.0067,0.0030,0.0002,0.0000,0.0026
87.366667,2621,1,305,94,115,115,neutral,0.9821,0.9821,0.0002,0.0005,0.0092,0.0046,0.0003,0.0000,0.0031
87.400000,2622,1,306,94,116,116,neutral,0.9828,0.9828,0.0002,0.0008,0.0089,0.0044,0.0003,0.0001,0.0026
87.433333,2623,1,307,95,114,114,neutral,0.9895,0.9895,0.0002,0.0003,0.0044,0.0032,0.0002,0.0000,0.0022
87.466667,2624,1,308,95,113,113,neutral,0.9918,0.9918,0.0002,0.0002,0.0038,0.0019,0.0001,0.0000,0.0020
87.500000,2625,1,308,94,113,113,neutral,0.9912,0.9912,0.0002,0.0002,0.0042,0.0021,0.0001,0.0000,0.0020
87.533333,2626,1,309,94,114,114,neutral,0.9896,0.9896,0.0002,0.0001,0.0050,0.0022,0.0001,0.0000,0.0027
87.566667,2627,1,309,93,114,114,neutral,0.9898,0.9898,0.0004,0.0001,0.0049,0.0017,0.0001,0.0000,0.0029
87.600000,2628,1,308,96,112,112,neutral,0.9850,0.9850,0.0005,0.0002,0.0082,0.0019,0.0002,0.0000,0.0040
87.633333,2629,1,308,96,113,113,neutral,0.9855,0.9855,0.0006,0.0001,0.0064,0.0023,0.0002,0.0000,0.0048
87.666667,2630,1,309,100,110,110,neutral,0.9773,0.9773,0.0022,0.0002,0.0085,0.0026,0.0005,0.0000,0.0086
87.700000,2631,1,308,100,110,110,neutral,0.9800,0.9800,0.0014,0.0003,0.0090,0.0021,0.0004,0.0000,0.0070
87.733333,2632,1,310,102,108,108,neutral,0.9722,0.9722,0.0020,0.0003,0.0121,0.0034,0.0006,0.0001,0.0093
87.766667,2633,1,308,102,108,108,neutral,0.9700,0.9700,0.0041,0.0004,0.0138,0.0018,0.0005,0.0001,0.0094
87.800000,2634,1,310,106,107,107,neutral,0.9726,0.9726,0.0020,0.0006,0.0105,0.0044,0.0007,0.0001,0.0093
87.833333,2635,1,308,104,109,109,neutral,0.9675,0.9675,0.0046,0.0003,0.0146,0.0021,0.0005,0.0001,0.0102
87.866667,2636,1,306,104,111,111,neutral,0.9662,0.9662,0.0018,0.0003,0.0192,0.0029,0.0005,0.0001,0.0090
87.900000,2637,1,305,103,113,113,neutral,0.9607,0.9607,0.0011,0.0003,0.0253,0.0035,0.0006,0.0001,0.0084
87.933333,2638,1,305,103,113,113,neutral,0.9697,0.9697,0.0005,0.0003,0.0202,0.0028,0.0004,0.0001,0.0061
87.966667,2639,1,307,104,111,111,neutral,0.9676,0.9676,0.0004,0.0004,0.0210,0.0040,0.0005,0.0001,0.0061
88.000000,2640,1,311,106,106,106,neutral,0.9744,0.9744,0.0002,0.0002,0.0180,0.0024,0.0002,0.0000,0.0045
88.033333,2641,1,311,106,106,106,neutral,0.9744,0.9744,0.0002,0.0002,0.0181,0.0024,0.0002,0.0000,0.0045
88.066667,2642,1,311,105,106,106,neutral,0.9762,0.9762,0.0002,0.0001,0.0177,0.0020,0.0002,0.0000,0.0036
88.100000,2643,1,312,105,105,105,neutral,0.9779,0.9779,0.0001,0.0001,0.0165,0.0020,0.0002,0.0000,0.0032
88.133333,2644,1,311,105,105,105,neutral,0.9806,0.9806,0.0003,0.0003,0.0126,0.0017,0.0002,0.0000,0.0042
88.166667,2645,1,311,105,106,106,neutral,0.9755,0.9755,0.0001,0.0003,0.0187,0.0020,0.0002,0.0000,0.0031
88.200000,2646,1,310,103,108,108,neutral,0.9707,0.9707,0.0001,0.0002,0.0223,0.0023,0.0002,0.0000,0.0040
88.233333,2647,1,310,103,107,107,neutral,0.9738,0.9738,0.0001,0.0002,0.0198,0.0023,0.0002,0.0000,0.0035
88.266667,2648,1,310,103,107,107,neutral,0.9758,0.9758,0.0001,0.0001,0.0169,0.0028,0.0002,0.0000,0.0040
88.300000,2649,1,310,104,107,107,neutral,0.9740,0.9740,0.0002,0.0001,0.0171,0.0029,0.0003,0.0000,0.0052
88.333333,2650,1,310,103,107,107,neutral,0.9734,0.9734,0.0003,0.0003,0.0192,0.0018,0.0002,0.0001,0.0047
88.366667,2651,1,310,103,108,108,neutral,0.9811,0.9811,0.0004,0.0002,0.0115,0.0020,0.0002,0.0000,0.0046
88.400000,2652,1,306,104,110,110,neutral,0.9665,0.9665,0.0002,0.0002,0.0249,0.0023,0.0003,0.0000,0.0056
88.433333,2653,1,306,104,110,110,neutral,0.9647,0.9647,0.0002,0.0002,0.0266,0.0023,0.0003,0.0000,0.0056
88.466667,2654,1,305,103,111,111,neutral,0.9732,0.9732,0.0002,0.0002,0.0192,0.0026,0.0002,0.0000,0.0044
88.500000,2655,1,305,102,112,112,neutral,0.9801,0.9801,0.0004,0.0003,0.0128,0.0017,0.0002,0.0000,0.0044
88.533333,2656,1,306,102,112,112,neutral,0.9749,0.9749,0.0005,0.0003,0.0167,0.0022,0.0003,0.0000,0.0050
88.566667,2657,1,307,102,111,111,neutral,0.9772,0.9772,0.0008,0.0003,0.0141,0.0021,0.0003,0.0000,0.0052
88.600000,2658,1,307,103,109,109,neutral,0.9762,0.9762,0.0011,0.0005,0.0125,0.0028,0.0004,0.0001,0.0065
88.633333,2659,1,308,103,108,108,neutral,0.9785,0.9785,0.0007,0.0010,0.0119,0.0025,0.0003,0.0001,0.0050
88.666667,2660,1,307,102,110,110,neutral,0.9675,0.9675,0.0006,0.0005,0.0239,0.0021,0.0003,0.0001,0.0050
88.700000,2661,1,306,101,113,113,neutral,0.9677,0.9677,0.0004,0.0006,0.0252,0.0017,0.0002,0.0001,0.0041
88.733333,2662,1,305,102,113,113,neutral,0.9682,0.9682,0.0002,0.0005,0.0258,0.0017,0.0002,0.0001,0.0034
88.766667,2663,1,305,103,112,112,neutral,0.9656,0.9656,0.0002,0.0008,0.0275,0.0017,0.0002,0.0001,0.0039
88.800000,2664,1,306,102,112,112,neutral,0.9729,0.9729,0.0002,0.0004,0.0214,0.0018,0.0002,0.0000,0.0031
88.833333,2665,1,309,103,109,109,neutral,0.9790,0.9790,0.0003,0.0007,0.0134,0.0024,0.0002,0.0001,0.0039
88.866667,2666,1,309,103,107,107,neutral,0.9772,0.9772,0.0002,0.0003,0.0169,0.0020,0.0002,0.0000,0.0031
88.900000,2667,1,306,102,109,109,neutral,0.9732,0.9732,0.0002,0.0004,0.0213,0.0017,0.0002,0.0000,0.0031
88.933333,2668,1,306,100,111,111,neutral,0.9816,0.9816,0.0002,0.0006,0.0130,0.0013,0.0001,0.0001,0.0031
88.966667,2669,1,305,99,112,112,neutral,0.9857,0.9857,0.0003,0.0003,0.0094,0.0009,0.0001,0.0000,0.0032
89.000000,2670,1,306,100,113,113,neutral,0.9802,0.9802,0.0002,0.0003,0.0146,0.0017,0.0002,0.0000,0.0030
89.033333,2671,1,306,100,112,112,neutral,0.9808,0.9808,0.0003,0.0007,0.0130,0.0014,0.0002,0.0001,0.0036
89.066667,2672,1,306,100,112,112,neutral,0.9824,0.9824,0.0003,0.0006,0.0109,0.0016,0.0002,0.0001,0.0039
89.100000,2673,1,305,101,111,111,neutral,0.9814,0.9814,0.0003,0.0003,0.0122,0.0016,0.0002,0.0000,0.0040
89.133333,2674,1,306,101,111,111,neutral,0.9790,0.9790,0.0003,0.0003,0.0145,0.0016,0.0002,0.0000,0.0041
89.166667,2675,1,305,101,111,111,neutral,0.9823,0.9823,0.0002,0.0003,0.0119,0.0014,0.0002,0.0000,0.0038
89.200000,2676,1,306,101,111,111,neutral,0.9813,0.9813,0.0002,0.0003,0.0134,0.0012,0.0001,0.0000,0.0034
89.233333,2677,1,306,101,111,111,neutral,0.9793,0.9793,0.0002,0.0003,0.0154,0.0012,0.0001,0.0000,0.0034
89.266667,2678,1,306,100,111,111,neutral,0.9867,0.9867,0.0001,0.0002,0.0096,0.0009,0.0001,0.0000,0.0024
89.300000,2679,1,306,100,111,111,neutral,0.9817,0.9817,0.0002,0.0005,0.0130,0.0012,0.0002,0.0000,0.0033
89.333333,2680,1,307,100,111,111,neutral,0.9812,0.9812,0.0001,0.0002,0.0139,0.0014,0.0001,0.0000,0.0029
89.366667,2681,1,308,100,111,111,neutral,0.9790,0.9790,0.0001,0.0001,0.0160,0.0018,0.0001,0.0000,0.0028
89.400000,2682,1,309,100,110,110,neutral,0.9755,0.9755,0.0001,0.0002,0.0198,0.0015,0.0001,0.0000,0.0027
89.433333,2683,1,310,101,109,109,neutral,0.9791,0.9791,0.0001,0.0003,0.0164,0.0013,0.0001,0.0000,0.0027
89.466667,2684,1,310,100,108,108,neutral,0.9772,0.9772,0.0001,0.0001,0.0180,0.0019,0.0001,0.0000,0.0027
89.500000,2685,1,310,99,109,109,neutral,0.9759,0.9759,0.0001,0.0001,0.0194,0.0017,0.0001,0.0000,0.0027
89.533333,2686,1,307,97,113,113,neutral,0.9857,0.9857,0.0001,0.0003,0.0100,0.0016,0.0001,0.0000,0.0023
89.566667,2687,1,310,99,109,109,neutral,0.9845,0.9845,0.0002,0.0003,0.0105,0.0012,0.0001,0.0000,0.0031
89.600000,2688,1,312,99,107,107,neutral,0.9821,0.9821,0.0001,0.0003,0.0123,0.0016,0.0002,0.0000,0.0033
89.633333,2689,1,312,99,107,107,neutral,0.9849,0.9849,0.0001,0.0002,0.0103,0.0016,0.0001,0.0000,0.0028
89.666667,2690,1,312,97,107,107,neutral,0.9786,0.9786,0.0003,0.0001,0.0151,0.0016,0.0002,0.0000,0.0040
89.700000,2691,1,312,97,106,106,neutral,0.9728,0.9728,0.0002,0.0001,0.0204,0.0021,0.0002,0.0000,0.0041
89.733333,2692,1,313,97,104,104,neutral,0.9672,0.9672,0.0003,0.0002,0.0241,0.0028,0.0004,0.0000,0.0051
89.766667,2693,1,314,96,103,103,neutral,0.9749,0.9749,0.0003,0.0001,0.0172,0.0023,0.0003,0.0000,0.0049
89.800000,2694,1,315,95,101,101,neutral,0.9537,0.9537,0.0003,0.0001,0.0385,0.0022,0.0003,0.0000,0.0049
89.833333,2695,1,316,97,100,100,neutral,0.9394,0.9394,0.0003,0.0003,0.0514,0.0031,0.0005,0.0001,0.0050
89.866667,2696,1,316,97,100,100,neutral,0.9041,0.9041,0.0002,0.0003,0.0888,0.0020,0.0004,0.0001,0.0042
89.900000,2697,1,317,97,100,100,neutral,0.8970,0.8970,0.0002,0.0004,0.0954,0.0020,0.0004,0.0001,0.0045
89.933333,2698,1,317,97,100,100,neutral,0.8993,0.8993,0.0002,0.0003,0.0934,0.0020,0.0004,0.0001,0.0044
89.966667,2699,1,315,96,102,102,neutral,0.9061,0.9061,0.0002,0.0004,0.0863,0.0021,0.0004,0.0001,0.0044
90.000000,2700,1,313,95,107,107,neutral,0.9069,0.9069,0.0002,0.0005,0.0865,0.0014,0.0003,0.0001,0.0041
