timestamp_seconds,frame_idx,face_id,x,y,w,h,emotion,emotion_score
60.000000,0,1,303,110,121,121,neutral,0.9784
60.033333,1,1,300,108,124,124,neutral,0.9756
60.066667,2,1,301,107,124,124,neutral,0.9672
60.100000,3,1,301,107,124,124,neutral,0.9662
60.133333,4,1,298,108,125,125,neutral,0.9656
60.166667,5,1,298,107,126,126,neutral,0.9633
60.200000,6,1,298,107,127,127,neutral,0.9663
60.233333,7,1,297,107,127,127,neutral,0.9622
60.266667,8,1,297,107,127,127,neutral,0.9572
60.300000,9,1,297,107,126,126,neutral,0.9672
60.333333,10,1,298,107,125,125,neutral,0.9692
60.366667,11,1,298,108,124,124,neutral,0.9762
60.400000,12,1,298,108,125,125,neutral,0.9703
60.433333,13,1,298,107,126,126,neutral,0.9707
60.466667,14,1,298,108,125,125,neutral,0.9685
60.500000,15,1,297,108,126,126,neutral,0.9688
60.533333,16,1,298,107,126,126,neutral,0.9740
60.566667,17,1,298,108,125,125,neutral,0.9707
60.600000,18,1,297,107,126,126,neutral,0.9712
60.633333,19,1,297,107,125,125,neutral,0.9742
60.666667,20,1,298,108,124,124,neutral,0.9680
60.700000,21,1,299,108,123,123,neutral,0.9765
60.733333,22,1,298,105,125,125,neutral,0.9648
60.766667,23,1,296,104,126,126,neutral,0.9584
60.800000,24,1,296,106,124,124,neutral,0.9372
60.833333,25,1,296,107,123,123,neutral,0.9347
60.866667,26,1,295,107,123,123,neutral,0.9184
60.900000,27,1,295,109,121,121,neutral,0.8916
60.933333,28,1,295,110,121,121,neutral,0.8776
60.966667,29,1,294,108,123,123,neutral,0.8630
61.000000,30,1,296,110,121,121,neutral,0.9040
61.033333,31,1,291,110,124,124,neutral,0.8143
61.066667,32,1,290,110,128,128,neutral,0.8545
61.100000,33,1,289,110,128,128,neutral,0.8778
61.133333,34,1,291,113,125,125,neutral,0.8921
61.166667,35,1,292,114,124,124,neutral,0.8845
61.200000,36,1,291,114,125,125,neutral,0.8819
61.233333,37,1,290,113,125,125,neutral,0.9166
61.266667,38,1,290,113,126,126,neutral,0.9120
61.300000,39,1,290,112,126,126,neutral,0.9259
61.333333,40,1,290,113,125,125,neutral,0.9068
61.366667,41,1,291,114,124,124,neutral,0.9154
61.400000,42,1,291,114,124,124,neutral,0.9224
61.433333,43,1,291,112,124,124,neutral,0.9027
61.466667,44,1,292,112,123,123,neutral,0.8994
61.500000,45,1,293,111,122,122,neutral,0.9335
61.533333,46,1,294,111,120,120,neutral,0.9293
61.566667,47,1,295,112,119,119,neutral,0.9359
61.600000,48,1,298,113,115,115,neutral,0.9577
61.633333,49,1,296,108,118,118,neutral,0.9585
61.666667,50,1,295,105,123,123,neutral,0.9694
61.700000,51,1,297,105,120,120,neutral,0.9695
61.733333,52,1,298,105,120,120,neutral,0.9663
61.766667,53,1,297,101,124,124,neutral,0.9568
61.800000,54,1,298,100,122,122,neutral,0.9535
61.833333,55,1,299,101,123,123,neutral,0.9571
61.866667,56,1,304,103,120,120,neutral,0.9306
61.900000,57,1,306,103,118,118,neutral,0.9697
61.933333,58,1,305,101,120,120,neutral,0.9517
61.966667,59,1,304,99,122,122,neutral,0.9370
62.000000,60,1,308,93,120,120,neutral,0.9495
62.033333,61,1,308,94,119,119,neutral,0.9331
62.066667,62,1,310,92,119,119,neutral,0.9686
62.100000,63,1,313,95,114,114,neutral,0.9677
62.133333,64,1,315,95,113,113,neutral,0.9759
62.166667,65,1,314,94,113,113,neutral,0.9843
62.200000,66,1,313,93,115,115,neutral,0.9865
62.233333,67,1,313,92,116,116,neutral,0.9797
62.266667,68,1,315,93,115,115,neutral,0.9897
62.300000,69,1,316,93,116,116,neutral,0.9703
62.333333,70,1,316,96,115,115,neutral,0.9877
62.366667,71,1,315,97,116,116,neutral,0.9649
62.400000,72,1,315,99,115,115,neutral,0.9736
62.433333,73,1,316,101,113,113,neutral,0.9851
62.466667,74,1,315,98,117,117,neutral,0.9846
62.500000,75,1,317,101,114,114,neutral,0.9820
62.533333,76,1,321,104,110,110,neutral,0.9914
62.566667,77,1,323,105,108,108,neutral,0.9917
62.600000,78,1,324,104,108,108,neutral,0.9887
62.633333,79,1,325,105,107,107,neutral,0.9893
62.666667,80,1,324,103,109,109,neutral,0.9882
62.700000,81,1,326,103,109,109,neutral,0.9879
62.733333,82,1,326,102,110,110,neutral,0.9845
62.766667,83,1,325,100,113,113,neutral,0.9766
62.800000,84,1,326,99,114,114,neutral,0.9814
62.833333,85,1,325,99,115,115,neutral,0.9729
62.866667,86,1,326,98,116,116,neutral,0.9568
62.900000,87,1,326,97,116,116,neutral,0.9337
62.933333,88,1,326,98,115,115,neutral,0.9409
62.966667,89,1,327,100,113,113,neutral,0.9554
63.000000,90,1,327,100,113,113,neutral,0.9495
63.033333,91,1,328,99,112,112,neutral,0.9545
63.066667,92,1,326,99,114,114,neutral,0.9498
63.100000,93,1,326,99,115,115,neutral,0.9621
63.133333,94,1,326,96,119,119,neutral,0.9816
63.166667,95,1,328,95,116,116,neutral,0.9860
63.200000,96,1,328,95,116,116,neutral,0.9843
63.233333,97,1,324,91,122,122,neutral,0.9830
63.266667,98,1,328,94,115,115,neutral,0.9891
63.300000,99,1,330,95,114,114,neutral,0.9926
63.333333,100,1,328,94,115,115,neutral,0.9912
63.366667,101,1,329,93,114,114,neutral,0.9928
63.400000,102,1,329,93,113,113,neutral,0.9918
63.433333,103,1,330,93,113,113,neutral,0.9927
63.466667,104,1,330,92,112,112,neutral,0.9898
63.500000,105,1,330,92,112,112,neutral,0.9899
63.533333,106,1,330,92,112,112,neutral,0.9895
63.566667,107,1,331,92,112,112,neutral,0.9920
63.600000,108,1,331,93,111,111,neutral,0.9915
63.633333,109,1,331,93,111,111,neutral,0.9926
63.666667,110,1,331,93,112,112,neutral,0.9925
63.700000,111,1,330,93,112,112,neutral,0.9907
63.733333,112,1,330,93,112,112,neutral,0.9916
63.766667,113,1,329,93,112,112,neutral,0.9875
63.800000,114,1,330,93,113,113,neutral,0.9880
63.833333,115,1,330,92,113,113,neutral,0.9855
63.866667,116,1,330,92,112,112,neutral,0.9875
63.900000,117,1,329,92,114,114,neutral,0.9866
63.933333,118,1,330,92,115,115,neutral,0.9744
63.966667,119,1,332,92,114,114,neutral,0.5202
64.000000,120,1,333,95,112,112,neutral,0.8285
64.033333,121,1,334,95,112,112,neutral,0.8427
64.066667,122,1,333,96,113,113,neutral,0.7295
64.100000,123,1,333,96,115,115,neutral,0.8281
64.133333,124,1,332,95,116,116,neutral,0.9096
64.166667,125,1,332,95,116,116,neutral,0.9463
64.200000,126,1,332,95,116,116,neutral,0.8750
64.233333,127,1,333,95,116,116,neutral,0.6017
64.266667,128,1,333,95,116,116,neutral,0.8210
64.300000,129,1,333,96,115,115,neutral,0.7336
64.333333,130,1,333,96,115,115,neutral,0.9296
64.366667,131,1,334,96,114,114,neutral,0.9700
64.400000,132,1,334,96,115,115,neutral,0.9674
64.433333,133,1,334,96,115,115,neutral,0.9727
64.466667,134,1,334,96,115,115,neutral,0.9795
64.500000,135,1,332,97,116,116,neutral,0.9703
64.533333,136,1,331,97,117,117,neutral,0.9621
64.566667,137,1,330,96,118,118,neutral,0.9358
64.600000,138,1,328,96,119,119,neutral,0.9621
64.633333,139,1,327,97,119,119,neutral,0.9766
64.666667,140,1,327,98,117,117,neutral,0.9789
64.700000,141,1,327,98,116,116,neutral,0.9759
64.733333,142,1,328,100,114,114,neutral,0.9831
64.766667,143,1,327,100,113,113,neutral,0.9805
64.800000,144,1,327,99,114,114,neutral,0.9833
64.833333,145,1,328,99,113,113,neutral,0.9816
64.866667,146,1,327,98,115,115,neutral,0.9815
64.900000,147,1,327,97,115,115,neutral,0.9556
64.933333,148,1,326,96,115,115,neutral,0.9186
64.966667,149,1,325,96,115,115,neutral,0.9663
65.000000,150,1,325,95,115,115,neutral,0.9658
65.033333,151,1,324,93,116,116,neutral,0.9799
65.066667,152,1,324,94,115,115,neutral,0.9885
65.100000,153,1,325,96,111,111,neutral,0.9851
65.133333,154,1,326,98,107,107,neutral,0.9832
65.166667,155,1,324,97,108,108,neutral,0.9801
65.200000,156,1,322,96,110,110,neutral,0.9811
65.233333,157,1,322,97,108,108,neutral,0.9416
65.266667,158,1,322,97,108,108,neutral,0.9380
65.300000,159,1,321,97,107,107,neutral,0.9589
65.333333,160,1,318,95,108,108,neutral,0.9340
65.366667,161,1,313,92,113,113,neutral,0.9351
65.400000,162,1,313,92,112,112,neutral,0.9646
65.433333,163,1,313,94,110,110,neutral,0.9612
65.466667,164,1,309,92,111,111,neutral,0.9728
65.500000,165,1,310,93,107,107,neutral,0.9676
65.533333,166,1,309,96,104,104,neutral,0.9639
65.566667,167,1,307,95,107,107,neutral,0.9698
65.600000,168,1,308,96,106,106,neutral,0.9699
65.633333,169,1,305,95,109,109,neutral,0.9686
65.666667,170,1,305,95,109,109,neutral,0.9693
65.700000,171,1,301,94,111,111,neutral,0.9805
65.733333,172,1,300,94,111,111,neutral,0.9799
65.766667,173,1,296,93,115,115,neutral,0.9610
65.800000,174,1,294,92,117,117,neutral,0.9667
65.833333,175,1,294,94,117,117,neutral,0.9689
65.866667,176,1,293,93,119,119,neutral,0.9669
65.900000,177,1,294,94,118,118,neutral,0.9688
65.933333,178,1,295,96,114,114,neutral,0.9681
65.966667,179,1,295,96,113,113,neutral,0.9745
66.000000,180,1,294,96,112,112,neutral,0.9779
66.033333,181,1,294,96,110,110,neutral,0.9782
66.066667,182,1,295,97,108,108,neutral,0.9794
66.100000,183,1,295,96,108,108,neutral,0.9816
66.133333,184,1,295,95,110,110,neutral,0.9834
66.166667,185,1,293,93,114,114,neutral,0.9766
66.200000,186,1,292,93,113,113,neutral,0.9713
66.233333,187,1,292,94,111,111,neutral,0.9677
66.266667,188,1,292,95,111,111,neutral,0.9540
66.300000,189,1,292,95,110,110,neutral,0.9594
66.333333,190,1,291,94,110,110,neutral,0.9636
66.366667,191,1,291,94,111,111,neutral,0.9541
66.400000,192,1,290,94,109,109,neutral,0.9680
66.433333,193,1,290,94,109,109,neutral,0.9679
66.466667,194,1,291,94,109,109,neutral,0.9631
66.500000,195,1,292,95,109,109,neutral,0.9641
66.533333,196,1,292,94,109,109,neutral,0.9618
66.566667,197,1,292,95,108,108,neutral,0.9631
66.600000,198,1,293,94,108,108,neutral,0.9682
66.633333,199,1,294,94,107,107,neutral,0.9775
66.666667,200,1,295,94,106,106,neutral,0.9783
66.700000,201,1,296,94,106,106,neutral,0.9691
66.733333,202,1,296,94,106,106,neutral,0.9771
66.766667,203,1,296,94,103,103,neutral,0.9815
66.800000,204,1,296,93,104,104,neutral,0.9830
66.833333,205,1,296,90,103,103,neutral,0.9791
66.866667,206,1,298,91,101,101,neutral,0.9777
66.900000,207,1,296,89,106,106,neutral,0.9798
66.933333,208,1,299,89,106,106,neutral,0.9821
66.966667,209,1,302,90,104,104,neutral,0.9822
67.000000,210,1,304,92,101,101,neutral,0.9824
67.033333,211,1,307,91,100,100,neutral,0.9845
67.066667,212,1,306,90,102,102,neutral,0.9887
67.100000,213,1,309,90,99,99,neutral,0.9821
67.133333,214,1,311,90,98,98,neutral,0.9821
67.166667,215,1,313,89,100,100,neutral,0.9891
67.200000,216,1,316,90,99,99,neutral,0.9895
67.233333,217,1,316,90,98,98,neutral,0.9881
67.266667,218,1,320,92,95,95,neutral,0.9886
67.300000,219,1,321,93,94,94,neutral,0.9893
67.333333,220,1,320,92,96,96,neutral,0.9878
67.366667,221,1,319,92,98,98,neutral,0.9902
67.400000,222,1,318,91,100,100,neutral,0.9881
67.433333,223,1,317,90,104,104,neutral,0.9834
67.466667,224,1,319,92,100,100,neutral,0.9896
67.500000,225,1,321,93,99,99,neutral,0.9917
67.533333,226,1,321,94,100,100,neutral,0.9906
67.566667,227,1,320,93,102,102,neutral,0.9869
67.600000,228,1,320,94,102,102,neutral,0.9788
67.633333,229,1,324,94,102,102,neutral,0.9649
67.666667,230,1,323,94,102,102,neutral,0.9528
67.700000,231,1,327,97,102,102,neutral,0.9666
67.733333,232,1,328,97,102,102,neutral,0.9651
67.766667,233,1,327,98,101,101,neutral,0.9457
67.800000,234,1,328,99,100,100,neutral,0.9530
67.833333,235,1,331,100,102,102,neutral,0.9629
67.866667,236,1,332,102,101,101,neutral,0.9608
67.900000,237,1,333,102,100,100,neutral,0.9500
67.933333,238,1,329,102,103,103,neutral,0.9483
67.966667,239,1,329,103,102,102,neutral,0.9346
68.000000,240,1,328,105,100,100,neutral,0.9611
68.033333,241,1,328,105,100,100,neutral,0.9609
68.066667,242,1,328,104,101,101,neutral,0.9649
68.100000,243,1,328,104,101,101,neutral,0.9684
68.133333,244,1,327,105,100,100,neutral,0.9654
68.166667,245,1,327,106,99,99,neutral,0.9663
68.200000,246,1,327,107,100,100,neutral,0.9462
68.233333,247,1,325,107,103,103,neutral,0.9446
68.266667,248,1,323,106,103,103,neutral,0.9191
68.300000,249,1,322,106,104,104,neutral,0.9343
68.333333,250,1,322,107,102,102,neutral,0.9232
68.366667,251,1,323,108,100,100,neutral,0.9069
68.400000,252,1,324,110,98,98,neutral,0.8885
68.433333,253,1,324,110,98,98,neutral,0.8866
68.466667,254,1,324,110,98,98,neutral,0.8499
68.500000,255,1,323,109,99,99,neutral,0.9055
68.533333,256,1,321,108,101,101,neutral,0.9097
68.566667,257,1,319,109,103,103,neutral,0.9048
68.600000,258,1,315,108,105,105,neutral,0.9112
68.633333,259,1,316,105,107,107,neutral,0.9382
68.666667,260,1,313,105,107,107,neutral,0.9569
68.700000,261,1,312,105,107,107,neutral,0.9713
68.733333,262,1,312,102,112,112,neutral,0.9707
68.766667,263,1,311,101,114,114,neutral,0.9679
68.800000,264,1,309,101,114,114,neutral,0.9659
68.833333,265,1,308,101,115,115,neutral,0.9614
68.866667,266,1,306,102,116,116,neutral,0.9493
68.900000,267,1,306,102,115,115,neutral,0.9629
68.933333,268,1,307,102,114,114,neutral,0.9704
68.966667,269,1,307,103,113,113,neutral,0.9578
69.000000,270,1,307,104,112,112,neutral,0.9730
69.033333,271,1,306,104,113,113,neutral,0.9744
69.066667,272,1,306,103,114,114,neutral,0.9757
69.100000,273,1,306,104,113,113,neutral,0.9768
69.133333,274,1,307,104,112,112,neutral,0.9790
69.166667,275,1,306,103,112,112,neutral,0.9794
69.200000,276,1,306,100,115,115,neutral,0.9752
69.233333,277,1,306,100,115,115,neutral,0.9749
69.266667,278,1,307,100,115,115,neutral,0.9715
69.300000,279,1,307,99,115,115,neutral,0.9784
69.333333,280,1,308,98,114,114,neutral,0.9863
69.366667,281,1,309,99,113,113,neutral,0.9877
69.400000,282,1,309,98,113,113,neutral,0.9897
69.433333,283,1,312,98,111,111,neutral,0.9899
69.466667,284,1,313,99,110,110,neutral,0.9926
69.500000,285,1,314,100,110,110,neutral,0.9875
69.533333,286,1,314,100,110,110,neutral,0.9875
69.566667,287,1,314,101,108,108,neutral,0.9849
69.600000,288,1,314,101,108,108,neutral,0.9861
69.633333,289,1,315,101,108,108,neutral,0.9879
69.666667,290,1,315,102,108,108,neutral,0.9887
69.700000,291,1,314,102,109,109,neutral,0.9882
69.733333,292,1,314,102,107,107,neutral,0.9931
69.766667,293,1,315,102,106,106,neutral,0.9920
69.800000,294,1,315,102,106,106,neutral,0.9926
69.833333,295,1,315,103,105,105,neutral,0.9925
69.866667,296,1,314,102,106,106,neutral,0.9917
69.900000,297,1,310,99,110,110,neutral,0.9881
69.933333,298,1,309,98,111,111,neutral,0.9862
69.966667,299,1,309,97,111,111,neutral,0.9852
70.000000,300,1,308,97,112,112,neutral,0.9809
70.033333,301,1,307,97,114,114,neutral,0.9758
70.066667,302,1,307,96,115,115,neutral,0.9786
70.100000,303,1,306,96,115,115,neutral,0.9743
70.133333,304,1,305,95,115,115,neutral,0.9677
70.166667,305,1,305,96,115,115,neutral,0.9629
70.200000,306,1,305,97,113,113,neutral,0.9686
70.233333,307,1,306,97,113,113,neutral,0.9707
70.266667,308,1,307,97,113,113,neutral,0.9655
70.300000,309,1,307,96,112,112,neutral,0.9691
70.333333,310,1,307,97,112,112,neutral,0.9609
70.366667,311,1,308,97,111,111,neutral,0.9655
70.400000,312,1,308,97,111,111,neutral,0.9636
70.433333,313,1,311,98,109,109,neutral,0.9859
70.466667,314,1,311,98,109,109,neutral,0.9862
70.500000,315,1,310,98,110,110,neutral,0.9846
70.533333,316,1,313,99,108,108,neutral,0.9855
70.566667,317,1,312,100,109,109,neutral,0.9807
70.600000,318,1,311,101,111,111,neutral,0.9755
70.633333,319,1,311,102,111,111,neutral,0.9768
70.666667,320,1,313,103,109,109,neutral,0.9778
70.700000,321,1,313,102,108,108,neutral,0.9811
70.733333,322,1,312,103,108,108,neutral,0.9832
70.766667,323,1,309,102,110,110,neutral,0.9822
70.800000,324,1,307,101,112,112,neutral,0.9671
70.833333,325,1,308,101,112,112,neutral,0.9651
70.866667,326,1,307,100,113,113,neutral,0.9556
70.900000,327,1,306,99,112,112,neutral,0.9720
70.933333,328,1,305,99,112,112,neutral,0.9638
70.966667,329,1,307,99,111,111,neutral,0.9741
71.000000,330,1,307,98,111,111,neutral,0.9788
71.033333,331,1,306,98,111,111,neutral,0.9770
71.066667,332,1,305,97,111,111,neutral,0.9538
71.100000,333,1,306,97,111,111,neutral,0.9455
71.133333,334,1,307,96,112,112,neutral,0.9465
71.166667,335,1,306,95,113,113,neutral,0.9641
71.200000,336,1,305,96,113,113,neutral,0.9742
71.233333,337,1,305,96,113,113,neutral,0.9742
71.266667,338,1,305,96,112,112,neutral,0.9752
71.300000,339,1,304,96,113,113,neutral,0.9699
71.333333,340,1,306,98,111,111,neutral,0.9755
71.366667,341,1,305,97,112,112,neutral,0.9781
71.400000,342,1,306,98,110,110,neutral,0.9762
71.433333,343,1,306,98,110,110,neutral,0.9772
71.466667,344,1,306,98,111,111,neutral,0.9747
71.500000,345,1,305,96,113,113,neutral,0.9754
71.533333,346,1,305,96,114,114,neutral,0.9722
71.566667,347,1,307,97,113,113,neutral,0.9645
71.600000,348,1,309,98,112,112,neutral,0.9807
71.633333,349,1,311,99,109,109,neutral,0.9865
71.666667,350,1,313,101,107,107,neutral,0.9905
71.700000,351,1,315,103,106,106,neutral,0.9884
71.733333,352,1,316,104,104,104,neutral,0.9856
71.766667,353,1,317,104,104,104,neutral,0.9716
71.800000,354,1,317,106,103,103,neutral,0.9307
71.833333,355,1,317,106,104,104,neutral,0.9085
71.866667,356,1,316,108,105,105,neutral,0.8170
71.900000,357,1,317,107,104,104,neutral,0.9089
71.933333,358,1,319,108,103,103,neutral,0.8846
71.966667,359,1,322,110,100,100,neutral,0.8845
72.000000,360,1,321,111,102,102,neutral,0.8718
72.033333,361,1,322,112,100,100,neutral,0.8791
72.066667,362,1,321,111,102,102,neutral,0.9211
72.100000,363,1,322,113,100,100,neutral,0.8983
72.133333,364,1,322,114,101,101,neutral,0.9056
72.166667,365,1,323,113,101,101,neutral,0.9189
72.200000,366,1,322,114,101,101,neutral,0.9324
72.233333,367,1,321,111,105,105,neutral,0.9000
72.266667,368,1,320,112,106,106,neutral,0.8877
72.300000,369,1,320,112,105,105,neutral,0.8955
72.333333,370,1,320,113,104,104,neutral,0.9380
72.366667,371,1,321,112,104,104,neutral,0.9356
72.400000,372,1,322,112,101,101,neutral,0.9526
72.433333,373,1,324,113,99,99,neutral,0.9583
72.466667,374,1,322,112,100,100,neutral,0.9408
72.500000,375,1,324,112,100,100,neutral,0.9719
72.533333,376,1,323,111,100,100,neutral,0.9756
72.566667,377,1,322,109,101,101,neutral,0.9771
72.600000,378,1,319,107,103,103,neutral,0.9818
72.633333,379,1,317,104,106,106,neutral,0.9800
72.666667,380,1,318,103,106,106,neutral,0.9644
72.700000,381,1,315,103,107,107,neutral,0.9797
72.733333,382,1,315,101,109,109,neutral,0.9739
72.766667,383,1,312,98,110,110,neutral,0.9809
72.800000,384,1,308,97,112,112,neutral,0.9656
72.833333,385,1,306,97,113,113,neutral,0.9614
72.866667,386,1,306,97,112,112,neutral,0.9602
72.900000,387,1,306,97,111,111,neutral,0.9674
72.933333,388,1,305,98,111,111,neutral,0.9513
72.966667,389,1,304,98,111,111,neutral,0.9334
73.000000,390,1,305,99,111,111,neutral,0.9714
73.033333,391,1,305,99,111,111,neutral,0.9764
73.066667,392,1,305,100,110,110,neutral,0.9789
73.100000,393,1,306,100,109,109,neutral,0.9772
73.133333,394,1,306,100,109,109,neutral,0.9786
73.166667,395,1,306,100,110,110,neutral,0.9825
73.200000,396,1,305,100,111,111,neutral,0.9836
73.233333,397,1,305,99,112,112,neutral,0.9773
73.266667,398,1,306,100,111,111,neutral,0.9874
73.300000,399,1,307,100,110,110,neutral,0.9851
73.333333,400,1,307,100,110,110,neutral,0.9762
73.366667,401,1,307,99,112,112,neutral,0.9698
73.400000,402,1,306,99,112,112,neutral,0.9597
73.433333,403,1,307,101,110,110,neutral,0.9726
73.466667,404,1,307,102,108,108,neutral,0.9723
73.500000,405,1,307,102,109,109,neutral,0.9648
73.533333,406,1,306,102,108,108,neutral,0.9590
73.566667,407,1,307,103,109,109,neutral,0.9619
73.600000,408,1,306,102,110,110,neutral,0.9475
73.633333,409,1,306,101,109,109,neutral,0.9587
73.666667,410,1,307,101,109,109,neutral,0.9544
73.700000,411,1,308,101,108,108,neutral,0.9622
73.733333,412,1,308,101,108,108,neutral,0.9605
73.766667,413,1,307,100,109,109,neutral,0.9496
73.800000,414,1,307,100,110,110,neutral,0.9416
73.833333,415,1,307,101,109,109,neutral,0.9612
73.866667,416,1,307,101,109,109,neutral,0.9621
73.900000,417,1,306,100,110,110,neutral,0.9592
73.933333,418,1,307,102,109,109,neutral,0.9639
73.966667,419,1,306,103,110,110,neutral,0.9400
74.000000,420,1,307,105,109,109,neutral,0.9368
74.033333,421,1,307,108,107,107,neutral,0.9362
74.066667,422,1,308,108,106,106,neutral,0.9510
74.100000,423,1,311,110,105,105,neutral,0.9419
74.133333,424,1,309,111,105,105,neutral,0.9304
74.166667,425,1,309,112,106,106,neutral,0.9416
74.200000,426,1,310,111,109,109,neutral,0.9268
74.233333,427,1,310,114,109,109,neutral,0.9385
74.266667,428,1,310,114,110,110,neutral,0.9393
74.300000,429,1,309,114,109,109,neutral,0.9408
74.333333,430,1,309,113,111,111,neutral,0.9273
74.366667,431,1,308,112,112,112,neutral,0.9190
74.400000,432,1,308,112,112,112,neutral,0.9229
74.433333,433,1,307,111,112,112,neutral,0.9351
74.466667,434,1,307,112,111,111,neutral,0.9449
74.500000,435,1,307,112,111,111,neutral,0.9440
74.533333,436,1,306,111,111,111,neutral,0.9553
74.566667,437,1,306,109,111,111,neutral,0.9582
74.600000,438,1,303,107,112,112,neutral,0.9615
74.633333,439,1,306,110,110,110,neutral,0.9683
74.666667,440,1,306,110,107,107,neutral,0.9774
74.700000,441,1,307,111,106,106,neutral,0.9739
74.733333,442,1,306,110,107,107,neutral,0.9727
74.766667,443,1,306,109,108,108,neutral,0.9660
74.800000,444,1,308,107,109,109,neutral,0.9727
74.833333,445,1,308,107,109,109,neutral,0.9727
74.866667,446,1,305,104,111,111,neutral,0.9642
74.900000,447,1,306,103,110,110,neutral,0.9689
74.933333,448,1,308,104,107,107,neutral,0.9781
74.966667,449,1,307,104,108,108,neutral,0.9784
75.000000,450,1,307,102,109,109,neutral,0.9863
75.033333,451,1,306,100,111,111,neutral,0.9872
75.066667,452,1,305,98,112,112,neutral,0.9901
75.100000,453,1,306,98,112,112,neutral,0.9876
75.133333,454,1,306,97,112,112,neutral,0.9891
75.166667,455,1,306,95,112,112,neutral,0.9914
75.200000,456,1,307,95,112,112,neutral,0.9887
75.233333,457,1,307,96,112,112,neutral,0.9863
75.266667,458,1,307,98,112,112,neutral,0.9860
75.300000,459,1,308,99,111,111,neutral,0.9846
75.333333,460,1,309,99,110,110,neutral,0.9840
75.366667,461,1,309,99,109,109,neutral,0.9805
75.400000,462,1,314,102,104,104,neutral,0.9859
75.433333,463,1,315,104,103,103,neutral,0.9832
75.466667,464,1,316,103,104,104,neutral,0.9804
75.500000,465,1,314,102,106,106,neutral,0.9813
75.533333,466,1,313,102,107,107,neutral,0.9808
75.566667,467,1,313,103,106,106,neutral,0.9813
75.600000,468,1,312,104,107,107,neutral,0.9706
75.633333,469,1,312,104,106,106,neutral,0.9710
75.666667,470,1,312,104,106,106,neutral,0.9710
75.700000,471,1,312,103,108,108,neutral,0.9667
75.733333,472,1,311,101,110,110,neutral,0.9774
75.766667,473,1,311,99,111,111,neutral,0.9707
75.800000,474,1,311,98,111,111,neutral,0.9682
75.833333,475,1,310,96,112,112,neutral,0.9705
75.866667,476,1,310,97,112,112,neutral,0.9669
75.900000,477,1,310,96,112,112,neutral,0.9732
75.933333,478,1,311,97,111,111,neutral,0.9709
75.966667,479,1,311,98,111,111,neutral,0.9800
76.000000,480,1,312,98,111,111,neutral,0.9796
76.033333,481,1,312,99,110,110,neutral,0.9810
76.066667,482,1,312,98,109,109,neutral,0.9772
76.100000,483,1,313,98,109,109,neutral,0.9816
76.133333,484,1,314,99,107,107,neutral,0.9855
76.166667,485,1,315,99,105,105,neutral,0.9880
76.200000,486,1,314,99,106,106,neutral,0.9843
76.233333,487,1,314,98,106,106,neutral,0.9868
76.266667,488,1,313,98,107,107,neutral,0.9842
76.300000,489,1,313,98,107,107,neutral,0.9847
76.333333,490,1,314,98,105,105,neutral,0.9844
76.366667,491,1,314,98,105,105,neutral,0.9866
76.400000,492,1,314,98,106,106,neutral,0.9874
76.433333,493,1,314,98,106,106,neutral,0.9852
76.466667,494,1,317,98,104,104,neutral,0.9763
76.500000,495,1,318,100,103,103,neutral,0.9816
76.533333,496,1,317,100,103,103,neutral,0.9802
76.566667,497,1,317,100,103,103,neutral,0.9784
76.600000,498,1,318,101,103,103,neutral,0.9758
76.633333,499,1,317,101,103,103,neutral,0.9740
76.666667,500,1,317,102,102,102,neutral,0.9716
76.700000,501,1,318,102,102,102,neutral,0.9637
76.733333,502,1,319,103,100,100,neutral,0.9643
76.766667,503,1,319,101,101,101,neutral,0.9716
76.800000,504,1,316,100,105,105,neutral,0.9602
76.833333,505,1,316,100,105,105,neutral,0.9604
76.866667,506,1,313,99,107,107,neutral,0.9689
76.900000,507,1,312,99,106,106,neutral,0.9662
76.933333,508,1,313,99,107,107,neutral,0.9628
76.966667,509,1,313,100,106,106,neutral,0.9596
77.000000,510,1,314,100,105,105,neutral,0.9601
77.033333,511,1,314,100,105,105,neutral,0.9487
77.066667,512,1,313,100,106,106,neutral,0.9508
77.100000,513,1,313,99,106,106,neutral,0.9715
77.133333,514,1,311,100,106,106,neutral,0.9624
77.166667,515,1,310,99,107,107,neutral,0.9552
77.200000,516,1,312,101,106,106,neutral,0.9588
77.233333,517,1,313,101,105,105,neutral,0.9694
77.266667,518,1,314,101,104,104,neutral,0.9794
77.300000,519,1,315,101,105,105,neutral,0.9766
77.333333,520,1,315,102,105,105,neutral,0.9674
77.366667,521,1,315,101,105,105,neutral,0.9695
77.400000,522,1,315,101,105,105,neutral,0.9691
77.433333,523,1,315,101,105,105,neutral,0.9668
77.466667,524,1,315,101,105,105,neutral,0.9661
77.500000,525,1,314,101,106,106,neutral,0.9595
77.533333,526,1,313,100,108,108,neutral,0.9603
77.566667,527,1,312,99,109,109,neutral,0.9636
77.600000,528,1,311,99,110,110,neutral,0.9632
77.633333,529,1,311,99,110,110,neutral,0.9627
77.666667,530,1,311,99,110,110,neutral,0.9542
77.700000,531,1,312,100,108,108,neutral,0.9504
77.733333,532,1,313,101,107,107,neutral,0.9538
77.766667,533,1,312,99,106,106,neutral,0.9482
77.800000,534,1,311,99,105,105,neutral,0.9433
77.833333,535,1,310,100,104,104,neutral,0.9381
77.866667,536,1,310,99,104,104,neutral,0.9263
77.900000,537,1,308,95,108,108,neutral,0.9369
77.933333,538,1,308,95,108,108,neutral,0.9324
77.966667,539,1,306,93,112,112,neutral,0.9459
78.000000,540,1,306,92,111,111,neutral,0.9568
78.033333,541,1,307,92,111,111,neutral,0.9593
78.066667,542,1,306,92,110,110,neutral,0.9726
78.100000,543,1,306,92,110,110,neutral,0.9711
78.133333,544,1,302,90,112,112,neutral,0.9800
78.166667,545,1,304,90,109,109,neutral,0.9901
78.200000,546,1,306,92,106,106,neutral,0.9904
78.233333,547,1,308,92,104,104,neutral,0.9920
78.266667,548,1,308,92,104,104,neutral,0.9905
78.300000,549,1,305,92,107,107,neutral,0.9853
78.333333,550,1,305,93,107,107,neutral,0.9861
78.366667,551,1,304,93,108,108,neutral,0.9877
78.400000,552,1,303,94,107,107,neutral,0.9913
78.433333,553,1,302,94,108,108,neutral,0.9895
78.466667,554,1,302,94,106,106,neutral,0.9889
78.500000,555,1,300,92,108,108,neutral,0.9858
78.533333,556,1,301,93,106,106,neutral,0.9893
78.566667,557,1,302,93,104,104,neutral,0.9908
78.600000,558,1,302,93,103,103,neutral,0.9919
78.633333,559,1,300,92,105,105,neutral,0.9896
78.666667,560,1,300,93,104,104,neutral,0.9921
78.700000,561,1,301,93,103,103,neutral,0.9924
78.733333,562,1,302,93,101,101,neutral,0.9916
78.766667,563,1,300,93,103,103,neutral,0.9902
78.800000,564,1,301,93,104,104,neutral,0.9910
78.833333,565,1,300,92,107,107,neutral,0.9895
78.866667,566,1,299,91,112,112,neutral,0.9785
78.900000,567,1,300,92,110,110,neutral,0.9818
78.933333,568,1,301,93,108,108,neutral,0.9859
78.966667,569,1,301,94,109,109,neutral,0.9807
79.000000,570,1,303,95,108,108,neutral,0.9808
79.033333,571,1,303,98,107,107,neutral,0.9684
79.066667,572,1,304,101,106,106,neutral,0.9590
79.100000,573,1,303,100,110,110,neutral,0.9328
79.133333,574,1,303,100,110,110,neutral,0.9093
79.166667,575,1,304,101,110,110,neutral,0.9090
79.200000,576,1,303,101,110,110,neutral,0.9098
79.233333,577,1,304,100,110,110,neutral,0.9477
79.266667,578,1,304,101,108,108,neutral,0.9560
79.300000,579,1,304,102,109,109,neutral,0.9484
79.333333,580,1,305,105,105,105,neutral,0.9421
79.366667,581,1,307,107,104,104,neutral,0.9433
79.400000,582,1,308,109,102,102,neutral,0.9413
79.433333,583,1,309,108,102,102,neutral,0.9335
79.466667,584,1,309,106,103,103,neutral,0.9136
79.500000,585,1,310,106,101,101,neutral,0.9189
79.533333,586,1,310,107,100,100,neutral,0.8853
79.566667,587,1,311,108,99,99,neutral,0.9042
79.600000,588,1,312,108,98,98,neutral,0.8251
79.633333,589,1,313,108,98,98,neutral,0.8348
79.666667,590,1,313,107,98,98,neutral,0.7973
79.700000,591,1,314,107,98,98,neutral,0.8740
79.733333,592,1,313,107,99,99,neutral,0.8956
79.766667,593,1,312,107,99,99,neutral,0.9249
79.800000,594,1,312,105,100,100,neutral,0.9195
79.833333,595,1,312,102,103,103,neutral,0.9561
79.866667,596,1,312,102,104,104,neutral,0.9567
79.900000,597,1,312,102,104,104,neutral,0.9638
79.933333,598,1,312,102,103,103,neutral,0.9724
79.966667,599,1,312,102,104,104,neutral,0.9679
80.000000,600,1,312,103,104,104,neutral,0.9510
80.033333,601,1,311,103,105,105,neutral,0.8936
80.066667,602,1,309,100,108,108,neutral,0.8943
80.100000,603,1,308,101,110,110,neutral,0.8468
80.133333,604,1,308,101,110,110,neutral,0.8758
80.166667,605,1,307,103,109,109,neutral,0.9517
80.200000,606,1,307,102,110,110,neutral,0.9557
80.233333,607,1,307,101,110,110,neutral,0.9661
80.266667,608,1,306,99,111,111,neutral,0.9437
80.300000,609,1,306,99,111,111,neutral,0.9557
80.333333,610,1,306,98,111,111,neutral,0.9652
80.366667,611,1,306,99,110,110,neutral,0.9632
80.400000,612,1,305,98,111,111,neutral,0.9602
80.433333,613,1,305,99,112,112,neutral,0.9644
80.466667,614,1,304,99,111,111,neutral,0.9781
80.500000,615,1,303,99,110,110,neutral,0.9757
80.533333,616,1,302,98,110,110,neutral,0.9776
80.566667,617,1,302,98,110,110,neutral,0.9780
80.600000,618,1,302,98,111,111,neutral,0.9618
80.633333,619,1,303,96,110,110,neutral,0.9710
80.666667,620,1,300,95,111,111,neutral,0.9629
80.700000,621,1,301,95,109,109,neutral,0.9557
80.733333,622,1,300,96,107,107,neutral,0.9435
80.766667,623,1,298,95,109,109,neutral,0.9483
80.800000,624,1,296,95,111,111,neutral,0.9456
80.833333,625,1,297,94,109,109,neutral,0.9367
80.866667,626,1,296,94,111,111,neutral,0.9521
80.900000,627,1,296,94,107,107,neutral,0.9400
80.933333,628,1,298,95,106,106,neutral,0.9305
80.966667,629,1,294,92,110,110,neutral,0.8406
81.000000,630,1,291,91,113,113,neutral,0.6347
81.033333,631,1,292,92,112,112,surprise,0.5304
81.066667,632,1,291,91,114,114,surprise,0.4745
81.100000,633,1,292,92,113,113,neutral,0.5081
81.133333,634,1,292,92,113,113,neutral,0.6723
81.166667,635,1,291,91,114,114,neutral,0.7113
81.200000,636,1,293,92,111,111,surprise,0.4798
81.233333,637,1,292,93,110,110,neutral,0.5779
81.266667,638,1,293,93,112,112,neutral,0.5495
81.300000,639,1,295,97,110,110,neutral,0.7521
81.333333,640,1,294,96,111,111,neutral,0.7138
81.366667,641,1,294,96,111,111,neutral,0.8197
81.400000,642,1,294,96,111,111,neutral,0.8892
81.433333,643,1,294,96,110,110,neutral,0.9491
81.466667,644,1,294,96,110,110,neutral,0.9621
81.500000,645,1,294,96,110,110,neutral,0.9664
81.533333,646,1,294,96,110,110,neutral,0.9599
81.566667,647,1,294,96,110,110,neutral,0.9644
81.600000,648,1,294,96,109,109,neutral,0.9718
81.633333,649,1,294,96,110,110,neutral,0.9683
81.666667,650,1,294,96,110,110,neutral,0.8960
81.700000,651,1,294,96,111,111,neutral,0.9459
81.733333,652,1,294,95,111,111,neutral,0.9249
81.766667,653,1,293,95,112,112,neutral,0.9878
81.800000,654,1,293,94,112,112,neutral,0.9803
81.833333,655,1,293,94,112,112,neutral,0.9851
81.866667,656,1,292,93,113,113,neutral,0.9805
81.900000,657,1,293,94,113,113,neutral,0.9846
81.933333,658,1,294,95,111,111,neutral,0.9884
81.966667,659,1,293,94,111,111,neutral,0.9834
82.000000,660,1,292,93,113,113,neutral,0.9799
82.033333,661,1,292,93,112,112,neutral,0.9828
82.066667,662,1,293,94,110,110,neutral,0.9868
82.100000,663,1,294,95,109,109,neutral,0.9902
82.133333,664,1,293,96,110,110,neutral,0.9836
82.166667,665,1,294,96,110,110,neutral,0.9835
82.200000,666,1,293,96,110,110,neutral,0.9850
82.233333,667,1,294,96,109,109,neutral,0.9866
82.266667,668,1,294,95,109,109,neutral,0.9899
82.300000,669,1,294,95,110,110,neutral,0.9905
82.333333,670,1,295,97,108,108,neutral,0.9887
82.366667,671,1,296,98,109,109,neutral,0.9904
82.400000,672,1,296,98,110,110,neutral,0.9908
82.433333,673,1,297,100,107,107,neutral,0.9904
82.466667,674,1,294,100,109,109,neutral,0.9915
82.500000,675,1,296,100,109,109,neutral,0.9921
82.533333,676,1,297,99,108,108,neutral,0.9942
82.566667,677,1,298,99,108,108,neutral,0.9932
82.600000,678,1,298,99,108,108,neutral,0.9937
82.633333,679,1,297,98,109,109,neutral,0.9943
82.666667,680,1,297,97,109,109,neutral,0.9926
82.700000,681,1,296,97,110,110,neutral,0.9899
82.733333,682,1,297,97,110,110,neutral,0.9881
82.766667,683,1,295,94,114,114,neutral,0.9875
82.800000,684,1,295,94,114,114,neutral,0.9865
82.833333,685,1,295,95,113,113,neutral,0.9856
82.866667,686,1,294,94,115,115,neutral,0.9875
82.900000,687,1,294,94,115,115,neutral,0.9883
82.933333,688,1,294,94,116,116,neutral,0.9857
82.966667,689,1,294,93,117,117,neutral,0.9867
83.000000,690,1,293,94,118,118,neutral,0.9852
83.033333,691,1,294,95,117,117,neutral,0.9857
83.066667,692,1,293,93,120,120,neutral,0.9836
83.100000,693,1,293,93,119,119,neutral,0.9806
83.133333,694,1,294,96,115,115,neutral,0.9833
83.166667,695,1,295,96,114,114,neutral,0.9857
83.200000,696,1,291,95,117,117,neutral,0.9840
83.233333,697,1,292,98,116,116,neutral,0.9818
83.266667,698,1,291,99,116,116,neutral,0.9808
83.300000,699,1,292,99,115,115,neutral,0.9830
83.333333,700,1,293,99,114,114,neutral,0.9849
83.366667,701,1,293,100,114,114,neutral,0.9829
83.400000,702,1,293,100,114,114,neutral,0.9815
83.433333,703,1,293,99,113,113,neutral,0.9855
83.466667,704,1,292,98,115,115,neutral,0.9808
83.500000,705,1,292,97,115,115,neutral,0.9846
83.533333,706,1,292,97,116,116,neutral,0.9790
83.566667,707,1,292,98,115,115,neutral,0.9771
83.600000,708,1,293,98,115,115,neutral,0.9803
83.633333,709,1,293,98,115,115,neutral,0.9832
83.666667,710,1,292,98,116,116,neutral,0.9818
83.700000,711,1,291,98,117,117,neutral,0.9813
83.733333,712,1,290,98,118,118,neutral,0.9767
83.766667,713,1,290,97,118,118,neutral,0.9843
83.800000,714,1,291,98,117,117,neutral,0.9832
83.833333,715,1,291,99,116,116,neutral,0.9769
83.866667,716,1,292,100,115,115,neutral,0.9753
83.900000,717,1,292,100,115,115,neutral,0.9778
83.933333,718,1,291,99,116,116,neutral,0.9764
83.966667,719,1,291,99,117,117,neutral,0.9809
84.000000,720,1,292,99,117,117,neutral,0.9797
84.033333,721,1,291,98,118,118,neutral,0.9761
84.066667,722,1,291,97,120,120,neutral,0.9734
84.100000,723,1,292,96,121,121,neutral,0.9735
84.133333,724,1,291,95,122,122,neutral,0.9804
84.166667,725,1,291,95,123,123,neutral,0.9759
84.200000,726,1,292,95,124,124,neutral,0.9819
84.233333,727,1,291,95,124,124,neutral,0.9774
84.266667,728,1,292,95,123,123,neutral,0.9713
84.300000,729,1,292,95,123,123,neutral,0.9684
84.333333,730,1,293,97,121,121,neutral,0.9793
84.366667,731,1,294,97,120,120,neutral,0.9727
84.400000,732,1,295,97,120,120,neutral,0.9698
84.433333,733,1,296,97,119,119,neutral,0.9719
84.466667,734,1,295,98,119,119,neutral,0.9728
84.500000,735,1,297,98,117,117,neutral,0.9714
84.533333,736,1,299,99,114,114,neutral,0.9712
84.566667,737,1,300,99,113,113,neutral,0.9719
84.600000,738,1,299,98,115,115,neutral,0.9775
84.633333,739,1,299,97,117,117,neutral,0.9699
84.666667,740,1,298,97,117,117,neutral,0.9724
84.700000,741,1,297,96,117,117,neutral,0.9783
84.733333,742,1,299,96,115,115,neutral,0.9805
84.766667,743,1,299,95,114,114,neutral,0.9798
84.800000,744,1,299,95,113,113,neutral,0.9821
84.833333,745,1,299,95,113,113,neutral,0.9827
84.866667,746,1,297,93,116,116,neutral,0.9851
84.900000,747,1,298,94,116,116,neutral,0.9794
84.933333,748,1,298,95,114,114,neutral,0.9855
84.966667,749,1,298,96,112,112,neutral,0.9826
85.000000,750,1,294,93,119,119,neutral,0.9803
85.033333,751,1,294,95,118,118,neutral,0.9724
85.066667,752,1,293,96,119,119,neutral,0.9783
85.100000,753,1,293,96,120,120,neutral,0.9676
85.133333,754,1,293,96,119,119,neutral,0.9750
85.166667,755,1,293,96,119,119,neutral,0.9785
85.200000,756,1,294,96,119,119,neutral,0.9682
85.233333,757,1,294,96,119,119,neutral,0.9683
85.266667,758,1,293,94,122,122,neutral,0.9691
85.300000,759,1,292,94,123,123,neutral,0.9569
85.333333,760,1,295,95,119,119,neutral,0.9541
85.366667,761,1,295,93,118,118,neutral,0.9691
85.400000,762,1,298,94,114,114,neutral,0.9677
85.433333,763,1,300,94,113,113,neutral,0.9689
85.466667,764,1,300,94,112,112,neutral,0.9723
85.500000,765,1,301,94,111,111,neutral,0.9747
85.533333,766,1,301,93,112,112,neutral,0.9720
85.566667,767,1,303,93,112,112,neutral,0.9592
85.600000,768,1,303,93,113,113,neutral,0.9494
85.633333,769,1,304,93,112,112,neutral,0.9494
85.666667,770,1,304,93,113,113,neutral,0.9472
85.700000,771,1,304,93,114,114,neutral,0.9363
85.733333,772,1,305,94,114,114,neutral,0.9739
85.766667,773,1,305,94,114,114,neutral,0.9433
85.800000,774,1,306,96,113,113,neutral,0.9796
85.833333,775,1,307,96,112,112,neutral,0.9771
85.866667,776,1,306,96,113,113,neutral,0.9712
85.900000,777,1,306,96,114,114,neutral,0.9681
85.933333,778,1,305,96,115,115,neutral,0.9680
85.966667,779,1,304,95,117,117,neutral,0.9710
86.000000,780,1,304,95,118,118,neutral,0.9669
86.033333,781,1,304,95,117,117,neutral,0.9736
86.066667,782,1,305,96,117,117,neutral,0.9697
86.100000,783,1,304,95,118,118,neutral,0.9752
86.133333,784,1,304,96,117,117,neutral,0.9745
86.166667,785,1,305,97,116,116,neutral,0.9745
86.200000,786,1,304,97,117,117,neutral,0.9672
86.233333,787,1,303,97,117,117,neutral,0.9602
86.266667,788,1,303,97,117,117,neutral,0.9506
86.300000,789,1,302,97,117,117,neutral,0.9479
86.333333,790,1,302,97,117,117,neutral,0.9550
86.366667,791,1,302,95,116,116,neutral,0.9615
86.400000,792,1,303,95,114,114,neutral,0.9677
86.433333,793,1,303,95,114,114,neutral,0.9676
86.466667,794,1,304,95,112,112,neutral,0.9587
86.500000,795,1,304,95,112,112,neutral,0.9601
86.533333,796,1,304,95,113,113,neutral,0.9609
86.566667,797,1,304,94,115,115,neutral,0.9617
86.600000,798,1,302,93,117,117,neutral,0.9627
86.633333,799,1,302,94,117,117,neutral,0.9656
86.666667,800,1,302,93,117,117,neutral,0.9665
86.700000,801,1,303,93,116,116,neutral,0.9764
86.733333,802,1,303,93,117,117,neutral,0.9775
86.766667,803,1,303,93,118,118,neutral,0.9786
86.800000,804,1,302,92,118,118,neutral,0.9740
86.833333,805,1,302,92,118,118,neutral,0.9764
86.866667,806,1,302,93,118,118,neutral,0.9748
86.900000,807,1,303,93,117,117,neutral,0.9764
86.933333,808,1,303,94,117,117,neutral,0.9742
86.966667,809,1,304,95,115,115,neutral,0.9815
87.000000,810,1,305,96,113,113,neutral,0.9794
87.033333,811,1,304,96,114,114,neutral,0.9744
87.066667,812,1,305,96,113,113,neutral,0.9794
87.100000,813,1,304,95,115,115,neutral,0.9813
87.133333,814,1,303,94,116,116,neutral,0.9829
87.166667,815,1,304,95,115,115,neutral,0.9849
87.200000,816,1,304,95,115,115,neutral,0.9828
87.233333,817,1,305,95,115,115,neutral,0.9820
87.266667,818,1,306,95,114,114,neutral,0.9833
87.300000,819,1,306,94,114,114,neutral,0.9844
87.333333,820,1,306,94,115,115,neutral,0.9877
87.366667,821,1,305,94,115,115,neutral,0.9799
87.400000,822,1,306,94,116,116,neutral,0.9823
87.433333,823,1,307,95,114,114,neutral,0.9801
87.466667,824,1,308,95,113,113,neutral,0.9833
87.500000,825,1,308,94,113,113,neutral,0.9841
87.533333,826,1,309,94,114,114,neutral,0.9864
87.566667,827,1,309,93,114,114,neutral,0.9839
87.600000,828,1,308,96,112,112,neutral,0.9678
87.633333,829,1,308,96,113,113,neutral,0.9721
87.666667,830,1,309,100,110,110,neutral,0.9790
87.700000,831,1,308,100,110,110,neutral,0.9714
87.733333,832,1,310,102,108,108,neutral,0.9705
87.766667,833,1,308,102,108,108,neutral,0.9705
87.800000,834,1,310,106,107,107,neutral,0.9657
87.833333,835,1,308,104,109,109,neutral,0.9626
87.866667,836,1,306,104,111,111,neutral,0.9624
87.900000,837,1,305,103,113,113,neutral,0.9540
87.933333,838,1,305,103,113,113,neutral,0.9540
87.966667,839,1,307,104,111,111,neutral,0.9613
88.000000,840,1,311,106,106,106,neutral,0.9682
88.033333,841,1,311,106,106,106,neutral,0.9681
88.066667,842,1,311,105,106,106,neutral,0.9749
88.100000,843,1,312,105,105,105,neutral,0.9771
88.133333,844,1,311,105,105,105,neutral,0.9751
88.166667,845,1,311,105,106,106,neutral,0.9770
88.200000,846,1,310,103,108,108,neutral,0.9742
88.233333,847,1,310,103,107,107,neutral,0.9703
88.266667,848,1,310,103,107,107,neutral,0.9716
88.300000,849,1,310,104,107,107,neutral,0.9744
88.333333,850,1,310,103,107,107,neutral,0.9721
88.366667,851,1,310,103,108,108,neutral,0.9639
88.400000,852,1,306,104,110,110,neutral,0.9583
88.433333,853,1,306,104,110,110,neutral,0.9587
88.466667,854,1,305,103,111,111,neutral,0.9607
88.500000,855,1,305,102,112,112,neutral,0.9635
88.533333,856,1,306,102,112,112,neutral,0.9655
88.566667,857,1,307,102,111,111,neutral,0.9647
88.600000,858,1,307,103,109,109,neutral,0.9666
88.633333,859,1,308,103,108,108,neutral,0.9647
88.666667,860,1,307,102,110,110,neutral,0.9556
88.700000,861,1,306,101,113,113,neutral,0.9545
88.733333,862,1,305,102,113,113,neutral,0.9510
88.766667,863,1,305,103,112,112,neutral,0.9396
88.800000,864,1,306,102,112,112,neutral,0.9582
88.833333,865,1,309,103,109,109,neutral,0.9699
88.866667,866,1,309,103,107,107,neutral,0.9747
88.900000,867,1,306,102,109,109,neutral,0.9739
88.933333,868,1,306,100,111,111,neutral,0.9628
88.966667,869,1,305,99,112,112,neutral,0.9610
89.000000,870,1,306,100,113,113,neutral,0.9755
89.033333,871,1,306,100,112,112,neutral,0.9653
89.066667,872,1,306,100,112,112,neutral,0.9666
89.100000,873,1,305,101,111,111,neutral,0.9775
89.133333,874,1,306,101,111,111,neutral,0.9744
89.166667,875,1,305,101,111,111,neutral,0.9786
89.200000,876,1,306,101,111,111,neutral,0.9749
89.233333,877,1,306,101,111,111,neutral,0.9756
89.266667,878,1,306,100,111,111,neutral,0.9683
89.300000,879,1,306,100,111,111,neutral,0.9723
89.333333,880,1,307,100,111,111,neutral,0.9688
89.366667,881,1,308,100,111,111,neutral,0.9754
89.400000,882,1,309,100,110,110,neutral,0.9753
89.433333,883,1,310,101,109,109,neutral,0.9785
89.466667,884,1,310,100,108,108,neutral,0.9800
89.500000,885,1,310,99,109,109,neutral,0.9793
89.533333,886,1,307,97,113,113,neutral,0.9719
89.566667,887,1,310,99,109,109,neutral,0.9809
89.600000,888,1,312,99,107,107,neutral,0.9833
89.633333,889,1,312,99,107,107,neutral,0.9826
89.666667,890,1,312,97,107,107,neutral,0.9783
89.700000,891,1,312,97,106,106,neutral,0.9740
89.733333,892,1,313,97,104,104,neutral,0.9705
89.766667,893,1,314,96,103,103,neutral,0.9706
89.800000,894,1,315,95,101,101,neutral,0.9705
89.833333,895,1,316,97,100,100,neutral,0.9346
89.866667,896,1,316,97,100,100,neutral,0.9205
89.900000,897,1,317,97,100,100,neutral,0.8861
89.933333,898,1,317,97,100,100,neutral,0.8922
89.966667,899,1,315,96,102,102,neutral,0.9255
90.000000,900,1,313,95,107,107,neutral,0.9391
