timestamp_seconds,frame_idx,face_id,x,y,w,h,yaw,pitch,roll,eye_away,looking_at_camera
60.000000,1800,1,303,110,121,121,-8.1,12.1,4.8,0.617,0
60.033333,1801,1,300,108,124,124,-7.9,11.5,4.6,0.602,0
60.066667,1802,1,301,107,124,124,-7.5,11.0,4.5,0.580,0
60.100000,1803,1,301,107,124,124,-7.5,11.0,4.5,0.581,0
60.133333,1804,1,298,108,125,125,-7.7,11.2,4.3,0.621,0
60.166667,1805,1,298,107,126,126,-7.5,11.5,4.0,0.605,0
60.200000,1806,1,298,107,127,127,-7.3,11.3,4.0,0.563,0
60.233333,1807,1,297,107,127,127,-7.2,11.2,4.2,0.553,0
60.266667,1808,1,297,107,127,127,-7.2,11.3,4.2,0.573,0
60.300000,1809,1,297,107,126,126,-7.4,11.4,4.3,0.608,0
60.333333,1810,1,298,107,125,125,-7.3,11.3,4.3,0.609,0
60.366667,1811,1,298,108,124,124,-7.3,11.3,4.4,0.599,0
60.400000,1812,1,298,108,125,125,-7.1,11.2,4.5,0.588,0
60.433333,1813,1,298,107,126,126,-7.1,10.9,4.4,0.614,0
60.466667,1814,1,298,108,125,125,-7.2,11.4,4.5,0.595,0
60.500000,1815,1,297,108,126,126,-7.3,11.3,4.5,0.565,0
60.533333,1816,1,298,107,126,126,-7.6,10.4,4.5,0.577,0
60.566667,1817,1,298,108,125,125,-7.5,10.8,4.5,0.601,0
60.600000,1818,1,297,107,126,126,-7.7,10.6,4.5,0.598,0
60.633333,1819,1,297,107,125,125,-7.7,10.5,4.4,0.611,0
60.666667,1820,1,298,108,124,124,-7.8,10.3,4.6,0.564,0
60.700000,1821,1,299,108,123,123,-8.1,9.9,4.6,0.547,0
60.733333,1822,1,298,105,125,125,-9.0,9.7,4.1,0.574,0
60.766667,1823,1,296,104,126,126,-9.4,9.8,4.0,0.620,0
60.800000,1824,1,296,106,124,124,-10.5,9.8,3.8,0.635,0
60.833333,1825,1,296,107,123,123,-11.7,10.1,3.5,0.661,0
60.866667,1826,1,295,107,123,123,-12.5,10.3,3.0,0.697,0
60.900000,1827,1,295,109,121,121,-13.4,10.0,2.5,0.717,0
60.933333,1828,1,295,110,121,121,-14.0,9.9,2.1,0.734,0
60.966667,1829,1,294,108,123,123,-14.5,10.4,1.4,0.777,0
61.000000,1830,1,296,110,121,121,-15.3,10.9,0.5,0.813,0
61.033333,1831,1,291,110,124,124,-15.5,11.9,-0.3,0.799,0
61.066667,1832,1,290,110,128,128,-15.6,12.8,-1.0,0.807,0
61.100000,1833,1,289,110,128,128,-15.7,13.5,-1.3,0.832,0
61.133333,1834,1,291,113,125,125,-16.0,13.9,-1.5,0.787,0
61.166667,1835,1,292,114,124,124,-15.9,14.4,-1.6,0.811,0
61.200000,1836,1,291,114,125,125,-16.0,14.7,-1.5,0.816,0
61.233333,1837,1,290,113,125,125,-16.1,15.0,-1.7,0.832,0
61.266667,1838,1,290,113,126,126,-16.1,13.8,-1.6,0.813,0
61.300000,1839,1,290,112,126,126,-16.1,14.0,-1.4,0.858,0
61.333333,1840,1,290,113,125,125,-15.8,13.5,-1.4,0.807,0
61.366667,1841,1,291,114,124,124,-15.6,13.7,-1.3,0.805,0
61.400000,1842,1,291,114,124,124,-15.7,13.8,-1.2,0.802,0
61.433333,1843,1,291,112,124,124,-15.3,12.8,-0.9,0.805,0
61.466667,1844,1,292,112,123,123,-14.8,13.7,-0.8,0.779,0
61.500000,1845,1,293,111,122,122,-14.8,13.0,-0.6,0.773,0
61.533333,1846,1,294,111,120,120,-14.5,12.7,-0.6,0.778,0
61.566667,1847,1,295,112,119,119,-13.6,12.5,-0.5,0.819,0
61.600000,1848,1,298,113,115,115,-12.9,11.1,-0.1,0.889,0
61.633333,1849,1,296,108,118,118,-12.1,10.1,0.1,0.891,0
61.666667,1850,1,295,105,123,123,-11.2,9.7,-0.3,0.913,0
61.700000,1851,1,297,105,120,120,-9.7,8.4,-0.1,0.909,0
61.733333,1852,1,298,105,120,120,-7.7,7.5,-0.3,0.924,0
61.766667,1853,1,297,101,124,124,-6.7,7.5,-0.6,0.890,0
61.800000,1854,1,298,100,122,122,-5.9,6.9,-0.7,0.921,0
61.833333,1855,1,299,101,123,123,-5.3,6.5,-1.2,0.910,0
61.866667,1856,1,304,103,120,120,-4.4,6.8,-1.6,0.900,0
61.900000,1857,1,306,103,118,118,-3.8,6.7,-2.1,0.870,0
61.933333,1858,1,305,101,120,120,-3.2,6.0,-2.3,0.791,0
61.966667,1859,1,304,99,122,122,-2.8,5.0,-2.6,0.807,0
62.000000,1860,1,308,93,120,120,-2.6,2.8,-3.3,0.779,0
62.033333,1861,1,308,94,119,119,-2.7,2.8,-3.3,0.785,0
62.066667,1862,1,310,92,119,119,-2.1,2.3,-3.8,0.807,0
62.100000,1863,1,313,95,114,114,-1.8,1.6,-4.0,0.775,0
62.133333,1864,1,315,95,113,113,-1.6,1.5,-4.6,0.786,0
62.166667,1865,1,314,94,113,113,-1.8,1.3,-4.7,0.769,0
62.200000,1866,1,313,93,115,115,-1.7,1.4,-5.0,0.747,0
62.233333,1867,1,313,92,116,116,-1.7,1.2,-5.2,0.780,0
62.266667,1868,1,315,93,115,115,-2.0,1.4,-5.6,0.760,0
62.300000,1869,1,316,93,116,116,-2.0,1.4,-6.1,0.759,0
62.333333,1870,1,316,96,115,115,-2.2,1.3,-6.4,0.763,0
62.366667,1871,1,315,97,116,116,-2.5,2.2,-6.9,0.769,0
62.400000,1872,1,315,99,115,115,-2.8,3.0,-7.2,0.739,0
62.433333,1873,1,316,101,113,113,-2.3,3.9,-7.6,0.776,0
62.466667,1874,1,315,98,117,117,-2.6,5.8,-8.2,0.651,0
62.500000,1875,1,317,101,114,114,-2.4,6.8,-8.5,0.738,0
62.533333,1876,1,321,104,110,110,-2.0,7.2,-8.7,0.743,0
62.566667,1877,1,323,105,108,108,-1.8,7.5,-8.8,0.755,0
62.600000,1878,1,324,104,108,108,-1.9,6.7,-8.9,0.725,0
62.633333,1879,1,325,105,107,107,-1.8,6.5,-9.3,0.767,0
62.666667,1880,1,324,103,109,109,-1.9,6.1,-9.2,0.729,0
62.700000,1881,1,326,103,109,109,-1.8,5.9,-9.4,0.746,0
62.733333,1882,1,326,102,110,110,-1.7,5.7,-9.6,0.665,0
62.766667,1883,1,325,100,113,113,-1.5,5.3,-9.4,0.665,0
62.800000,1884,1,326,99,114,114,-1.7,5.1,-9.5,0.635,0
62.833333,1885,1,325,99,115,115,-2.0,5.1,-9.7,0.554,0
62.866667,1886,1,326,98,116,116,-1.7,5.0,-9.6,0.707,0
62.900000,1887,1,326,97,116,116,-1.9,5.0,-9.5,0.772,0
62.933333,1888,1,326,98,115,115,-1.8,5.0,-9.4,0.812,0
62.966667,1889,1,327,100,113,113,-1.8,5.1,-9.7,0.814,0
63.000000,1890,1,327,100,113,113,-1.6,4.8,-9.9,0.826,0
63.033333,1891,1,328,99,112,112,-1.6,4.4,-9.7,0.801,0
63.066667,1892,1,326,99,114,114,-2.0,4.3,-9.8,0.738,0
63.100000,1893,1,326,99,115,115,-2.3,3.5,-9.9,0.573,0
63.133333,1894,1,326,96,119,119,-1.8,3.4,-10.3,0.437,0
63.166667,1895,1,328,95,116,116,-1.5,2.3,-10.4,0.313,0
63.200000,1896,1,328,95,116,116,-1.4,1.7,-10.9,0.283,1
63.233333,1897,1,324,91,122,122,-1.4,0.0,-10.8,0.293,1
63.266667,1898,1,328,94,115,115,-1.4,-1.0,-11.0,0.306,0
63.300000,1899,1,330,95,114,114,-1.0,-2.2,-11.4,0.353,0
63.333333,1900,1,328,94,115,115,-1.1,-3.0,-11.2,0.319,0
63.366667,1901,1,329,93,114,114,-1.1,-3.3,-11.4,0.273,1
63.400000,1902,1,329,93,113,113,-1.1,-4.2,-11.6,0.307,0
63.433333,1903,1,330,93,113,113,-0.9,-4.1,-11.5,0.272,1
63.466667,1904,1,330,92,112,112,-0.7,-4.3,-11.6,0.297,1
63.500000,1905,1,330,92,112,112,-0.5,-4.7,-11.5,0.290,1
63.533333,1906,1,330,92,112,112,-0.2,-5.1,-11.5,0.278,1
63.566667,1907,1,331,92,112,112,-0.1,-5.0,-11.5,0.245,1
63.600000,1908,1,331,93,111,111,-0.0,-5.1,-11.5,0.291,1
63.633333,1909,1,331,93,111,111,0.2,-5.1,-11.5,0.271,1
63.666667,1910,1,331,93,112,112,0.7,-4.9,-11.7,0.287,1
63.700000,1911,1,330,93,112,112,0.8,-4.8,-11.7,0.294,1
63.733333,1912,1,330,93,112,112,0.9,-4.9,-11.7,0.321,0
63.766667,1913,1,329,93,112,112,0.9,-4.5,-11.9,0.340,0
63.800000,1914,1,330,93,113,113,1.1,-4.2,-12.0,0.405,0
63.833333,1915,1,330,92,113,113,1.3,-4.5,-11.9,0.578,0
63.866667,1916,1,330,92,112,112,1.7,-4.3,-11.8,0.552,0
63.900000,1917,1,329,92,114,114,1.6,-4.1,-11.9,0.638,0
63.933333,1918,1,330,92,115,115,2.2,-4.2,-11.9,0.653,0
63.966667,1919,1,332,92,114,114,2.7,-4.7,-11.8,0.668,0
64.000000,1920,1,333,95,112,112,2.1,-3.8,-12.3,0.662,0
64.033333,1921,1,334,95,112,112,2.3,-3.5,-12.2,0.672,0
64.066667,1922,1,333,96,113,113,2.9,-2.3,-12.2,0.721,0
64.100000,1923,1,333,96,115,115,3.0,-1.8,-12.4,0.736,0
64.133333,1924,1,332,95,116,116,3.2,-1.0,-11.9,0.677,0
64.166667,1925,1,332,95,116,116,3.7,-0.5,-11.9,0.639,0
64.200000,1926,1,332,95,116,116,3.6,-0.8,-11.3,0.615,0
64.233333,1927,1,333,95,116,116,3.7,-1.0,-11.4,0.609,0
64.266667,1928,1,333,95,116,116,3.6,-0.8,-11.2,0.605,0
64.300000,1929,1,333,96,115,115,3.5,-0.2,-11.6,0.569,0
64.333333,1930,1,333,96,115,115,3.6,-0.1,-11.6,0.592,0
64.366667,1931,1,334,96,114,114,3.4,0.1,-11.6,0.571,0
64.400000,1932,1,334,96,115,115,3.6,0.4,-11.6,0.579,0
64.433333,1933,1,334,96,115,115,3.9,0.7,-11.5,0.593,0
64.466667,1934,1,334,96,115,115,4.2,1.5,-11.3,0.620,0
64.500000,1935,1,332,97,116,116,4.1,1.8,-11.2,0.634,0
64.533333,1936,1,331,97,117,117,4.3,2.2,-11.0,0.626,0
64.566667,1937,1,330,96,118,118,4.2,2.6,-11.0,0.609,0
64.600000,1938,1,328,96,119,119,3.8,2.7,-10.6,0.598,0
64.633333,1939,1,327,97,119,119,3.8,3.0,-10.7,0.594,0
64.666667,1940,1,327,98,117,117,3.5,2.7,-10.5,0.634,0
64.700000,1941,1,327,98,116,116,3.5,2.5,-10.2,0.623,0
64.733333,1942,1,328,100,114,114,3.7,2.3,-10.3,0.560,0
64.766667,1943,1,327,100,113,113,3.4,2.3,-10.3,0.563,0
64.800000,1944,1,327,99,114,114,3.4,2.1,-10.2,0.553,0
64.833333,1945,1,328,99,113,113,3.7,2.1,-10.0,0.540,0
64.866667,1946,1,327,98,115,115,3.8,1.5,-9.9,0.580,0
64.900000,1947,1,327,97,115,115,3.7,1.5,-9.8,0.605,0
64.933333,1948,1,326,96,115,115,3.6,1.4,-9.5,0.581,0
64.966667,1949,1,325,96,115,115,3.3,1.1,-9.4,0.599,0
65.000000,1950,1,325,95,115,115,3.3,0.7,-9.1,0.605,0
65.033333,1951,1,324,93,116,116,3.0,-0.6,-8.6,0.560,0
65.066667,1952,1,324,94,115,115,3.1,-0.3,-8.2,0.569,0
65.100000,1953,1,325,96,111,111,3.1,0.6,-7.6,0.620,0
65.133333,1954,1,326,98,107,107,3.0,0.7,-7.0,0.493,0
65.166667,1955,1,324,97,108,108,2.6,0.5,-5.9,0.519,0
65.200000,1956,1,322,96,110,110,2.1,-0.1,-5.1,0.450,0
65.233333,1957,1,322,97,108,108,1.8,0.2,-3.3,0.516,0
65.266667,1958,1,322,97,108,108,1.7,0.3,-3.4,0.525,0
65.300000,1959,1,321,97,107,107,1.9,0.0,-2.1,0.574,0
65.333333,1960,1,318,95,108,108,1.8,-0.2,-0.9,0.582,0
65.366667,1961,1,313,92,113,113,1.4,-0.2,0.3,0.578,0
65.400000,1962,1,313,92,112,112,1.1,-0.7,1.3,0.493,0
65.433333,1963,1,313,94,110,110,1.2,0.1,2.2,0.489,0
65.466667,1964,1,309,92,111,111,0.1,-0.2,2.7,0.428,0
65.500000,1965,1,310,93,107,107,-0.3,0.0,3.5,0.406,0
65.533333,1966,1,309,96,104,104,-1.3,0.1,3.8,0.379,0
65.566667,1967,1,307,95,107,107,-1.7,0.3,4.2,0.374,0
65.600000,1968,1,308,96,106,106,-2.0,0.6,4.5,0.399,0
65.633333,1969,1,305,95,109,109,-2.1,0.8,4.3,0.422,0
65.666667,1970,1,305,95,109,109,-2.0,1.1,4.2,0.417,0
65.700000,1971,1,301,94,111,111,-3.2,1.8,4.1,0.241,1
65.733333,1972,1,300,94,111,111,-3.0,2.4,4.1,0.269,1
65.766667,1973,1,296,93,115,115,-3.5,3.0,4.4,0.275,1
65.800000,1974,1,294,92,117,117,-3.6,3.4,4.9,0.278,1
65.833333,1975,1,294,94,117,117,-3.7,3.8,5.4,0.319,0
65.866667,1976,1,293,93,119,119,-4.0,4.2,5.9,0.320,0
65.900000,1977,1,294,94,118,118,-4.7,4.5,6.0,0.330,0
65.933333,1978,1,295,96,114,114,-5.4,4.2,6.2,0.429,0
65.966667,1979,1,295,96,113,113,-5.6,4.2,6.3,0.406,0
66.000000,1980,1,294,96,112,112,-6.3,4.1,6.5,0.389,0
66.033333,1981,1,294,96,110,110,-6.7,3.5,6.6,0.389,0
66.066667,1982,1,295,97,108,108,-6.9,3.4,6.8,0.403,0
66.100000,1983,1,295,96,108,108,-7.2,3.2,6.8,0.427,0
66.133333,1984,1,295,95,110,110,-7.3,2.4,6.9,0.417,0
66.166667,1985,1,293,93,114,114,-7.3,2.7,6.8,0.439,0
66.200000,1986,1,292,93,113,113,-7.5,2.2,7.2,0.447,0
66.233333,1987,1,292,94,111,111,-8.0,1.9,7.8,0.449,0
66.266667,1988,1,292,95,111,111,-7.7,2.1,7.9,0.487,0
66.300000,1989,1,292,95,110,110,-7.7,1.6,8.1,0.477,0
66.333333,1990,1,291,94,110,110,-7.7,1.5,8.3,0.462,0
66.366667,1991,1,291,94,111,111,-7.8,1.2,8.2,0.476,0
66.400000,1992,1,290,94,109,109,-8.4,1.4,8.6,0.452,0
66.433333,1993,1,290,94,109,109,-8.3,1.4,8.6,0.458,0
66.466667,1994,1,291,94,109,109,-8.5,1.6,8.4,0.483,0
66.500000,1995,1,292,95,109,109,-8.4,2.0,8.3,0.483,0
66.533333,1996,1,292,94,109,109,-8.1,1.6,8.0,0.520,0
66.566667,1997,1,292,95,108,108,-8.3,1.3,8.0,0.434,0
66.600000,1998,1,293,94,108,108,-8.0,1.1,8.1,0.536,0
66.633333,1999,1,294,94,107,107,-8.0,0.8,8.0,0.476,0
66.666667,2000,1,295,94,106,106,-7.6,0.5,7.9,0.481,0
66.700000,2001,1,296,94,106,106,-7.4,0.4,7.9,0.502,0
66.733333,2002,1,296,94,106,106,-7.3,0.4,7.7,0.484,0
66.766667,2003,1,296,94,103,103,-7.4,-0.1,7.5,0.440,0
66.800000,2004,1,296,93,104,104,-7.1,-0.3,7.2,0.478,0
66.833333,2005,1,296,90,103,103,-7.5,-1.4,7.1,0.454,0
66.866667,2006,1,298,91,101,101,-7.3,-1.9,7.0,0.452,0
66.900000,2007,1,296,89,106,106,-7.0,-1.7,6.6,0.436,0
66.933333,2008,1,299,89,106,106,-7.1,-1.6,6.0,0.437,0
66.966667,2009,1,302,90,104,104,-6.5,-2.3,5.7,0.462,0
67.000000,2010,1,304,92,101,101,-6.2,-2.5,4.9,0.587,0
67.033333,2011,1,307,91,100,100,-5.5,-2.9,4.1,0.565,0
67.066667,2012,1,306,90,102,102,-5.0,-2.9,3.1,0.562,0
67.100000,2013,1,309,90,99,99,-4.6,-3.0,2.0,0.496,0
67.133333,2014,1,311,90,98,98,-3.8,-2.5,0.9,0.403,0
67.166667,2015,1,313,89,100,100,-3.3,-2.5,0.0,0.439,0
67.200000,2016,1,316,90,99,99,-2.5,-2.3,-1.6,0.443,0
67.233333,2017,1,316,90,98,98,-2.8,-3.0,-1.8,0.348,0
67.266667,2018,1,320,92,95,95,-1.9,-2.8,-2.2,0.364,0
67.300000,2019,1,321,93,94,94,-1.7,-2.7,-3.2,0.371,0
67.333333,2020,1,320,92,96,96,-1.6,-2.6,-3.5,0.363,0
67.366667,2021,1,319,92,98,98,-0.9,-2.3,-4.2,0.334,0
67.400000,2022,1,318,91,100,100,-0.3,-2.3,-4.4,0.525,0
67.433333,2023,1,317,90,104,104,0.2,-1.5,-4.7,0.542,0
67.466667,2024,1,319,92,100,100,0.7,-1.4,-4.9,0.467,0
67.500000,2025,1,321,93,99,99,1.7,-0.7,-5.1,0.492,0
67.533333,2026,1,321,94,100,100,2.1,-0.6,-5.2,0.608,0
67.566667,2027,1,320,93,102,102,2.5,-0.3,-5.1,0.536,0
67.600000,2028,1,320,94,102,102,3.2,1.0,-5.3,0.521,0
67.633333,2029,1,324,94,102,102,5.3,2.8,-5.5,0.447,0
67.666667,2030,1,323,94,102,102,5.3,3.3,-5.5,0.498,0
67.700000,2031,1,327,97,102,102,6.3,3.2,-5.5,0.599,0
67.733333,2032,1,328,97,102,102,7.4,3.4,-5.6,0.479,0
67.766667,2033,1,327,98,101,101,8.4,3.7,-5.3,0.429,0
67.800000,2034,1,328,99,100,100,8.6,3.9,-5.2,0.400,0
67.833333,2035,1,331,100,102,102,9.7,4.6,-5.1,0.402,0
67.866667,2036,1,332,102,101,101,9.7,5.0,-4.9,0.340,0
67.900000,2037,1,333,102,100,100,10.2,5.7,-4.7,0.273,1
67.933333,2038,1,329,102,103,103,9.4,6.4,-4.3,0.366,0
67.966667,2039,1,329,103,102,102,9.4,6.5,-4.2,0.318,0
68.000000,2040,1,328,105,100,100,8.4,7.3,-4.4,0.269,1
68.033333,2041,1,328,105,100,100,8.3,7.2,-4.4,0.272,1
68.066667,2042,1,328,104,101,101,8.1,7.3,-4.7,0.297,1
68.100000,2043,1,328,104,101,101,8.1,7.6,-4.7,0.255,1
68.133333,2044,1,327,105,100,100,7.8,7.5,-4.6,0.255,1
68.166667,2045,1,327,106,99,99,7.8,7.5,-4.5,0.213,1
68.200000,2046,1,327,107,100,100,7.6,8.2,-4.8,0.182,1
68.233333,2047,1,325,107,103,103,7.2,8.6,-4.8,0.169,1
68.266667,2048,1,323,106,103,103,6.9,8.0,-4.6,0.213,1
68.300000,2049,1,322,106,104,104,6.6,7.7,-4.5,0.212,1
68.333333,2050,1,322,107,102,102,6.5,7.6,-4.3,0.316,0
68.366667,2051,1,323,108,100,100,6.6,8.0,-4.0,0.296,1
68.400000,2052,1,324,110,98,98,6.1,8.0,-3.9,0.410,0
68.433333,2053,1,324,110,98,98,6.0,7.9,-3.9,0.409,0
68.466667,2054,1,324,110,98,98,5.8,8.7,-3.6,0.362,0
68.500000,2055,1,323,109,99,99,5.8,9.0,-3.4,0.429,0
68.533333,2056,1,321,108,101,101,5.3,9.8,-3.1,0.416,0
68.566667,2057,1,319,109,103,103,4.9,10.6,-2.9,0.359,0
68.600000,2058,1,315,108,105,105,3.8,9.9,-2.8,0.407,0
68.633333,2059,1,316,105,107,107,3.3,9.8,-2.7,0.272,1
68.666667,2060,1,313,105,107,107,1.5,9.3,-2.9,0.339,0
68.700000,2061,1,312,105,107,107,1.3,9.4,-2.6,0.366,0
68.733333,2062,1,312,102,112,112,0.9,9.6,-2.8,0.465,0
68.766667,2063,1,311,101,114,114,-0.2,9.9,-2.8,0.501,0
68.800000,2064,1,309,101,114,114,-0.9,9.3,-2.9,0.462,0
68.833333,2065,1,308,101,115,115,-1.4,8.5,-2.9,0.360,0
68.866667,2066,1,306,102,116,116,-1.9,8.4,-3.3,0.378,0
68.900000,2067,1,306,102,115,115,-1.9,8.6,-3.2,0.405,0
68.933333,2068,1,307,102,114,114,-2.0,7.9,-3.1,0.370,0
68.966667,2069,1,307,103,113,113,-2.0,8.2,-3.0,0.379,0
69.000000,2070,1,307,104,112,112,-2.5,8.5,-2.7,0.385,0
69.033333,2071,1,306,104,113,113,-2.8,8.5,-2.8,0.309,0
69.066667,2072,1,306,103,114,114,-2.6,8.7,-2.8,0.330,0
69.100000,2073,1,306,104,113,113,-2.9,8.5,-3.3,0.320,0
69.133333,2074,1,307,104,112,112,-2.9,8.2,-3.3,0.350,0
69.166667,2075,1,306,103,112,112,-2.9,8.2,-3.3,0.324,0
69.200000,2076,1,306,100,115,115,-2.8,7.8,-3.3,0.306,0
69.233333,2077,1,306,100,115,115,-2.7,7.9,-3.3,0.303,0
69.266667,2078,1,307,100,115,115,-2.7,7.7,-3.6,0.314,0
69.300000,2079,1,307,99,115,115,-3.0,7.3,-3.6,0.346,0
69.333333,2080,1,308,98,114,114,-2.8,7.5,-3.6,0.404,0
69.366667,2081,1,309,99,113,113,-2.3,7.4,-3.7,0.355,0
69.400000,2082,1,309,98,113,113,-2.0,7.2,-3.9,0.374,0
69.433333,2083,1,312,98,111,111,-1.9,6.8,-3.8,0.391,0
69.466667,2084,1,313,99,110,110,-1.7,7.3,-3.9,0.327,0
69.500000,2085,1,314,100,110,110,-2.1,6.1,-3.9,0.364,0
69.533333,2086,1,314,100,110,110,-2.1,6.1,-3.9,0.367,0
69.566667,2087,1,314,101,108,108,-1.8,5.9,-4.0,0.346,0
69.600000,2088,1,314,101,108,108,-1.8,5.8,-4.1,0.330,0
69.633333,2089,1,315,101,108,108,-1.9,5.4,-4.1,0.253,1
69.666667,2090,1,315,102,108,108,-2.1,5.8,-4.1,0.290,1
69.700000,2091,1,314,102,109,109,-2.4,6.0,-4.4,0.289,1
69.733333,2092,1,314,102,107,107,-2.4,5.8,-4.5,0.297,1
69.766667,2093,1,315,102,106,106,-2.8,6.0,-4.5,0.317,0
69.800000,2094,1,315,102,106,106,-2.8,5.9,-4.7,0.309,0
69.833333,2095,1,315,103,105,105,-3.1,6.2,-4.8,0.324,0
69.866667,2096,1,314,102,106,106,-3.7,6.2,-5.0,0.293,1
69.900000,2097,1,310,99,110,110,-4.0,5.6,-5.2,0.277,1
69.933333,2098,1,309,98,111,111,-5.0,5.2,-5.3,0.341,0
69.966667,2099,1,309,97,111,111,-5.9,4.9,-5.5,0.300,0
70.000000,2100,1,308,97,112,112,-6.2,4.6,-5.7,0.342,0
70.033333,2101,1,307,97,114,114,-6.7,5.4,-5.7,0.357,0
70.066667,2102,1,307,96,115,115,-6.8,5.2,-5.5,0.380,0
70.100000,2103,1,306,96,115,115,-7.0,5.3,-5.5,0.357,0
70.133333,2104,1,305,95,115,115,-7.1,4.7,-5.3,0.432,0
70.166667,2105,1,305,96,115,115,-7.3,5.6,-5.2,0.367,0
70.200000,2106,1,305,97,113,113,-7.2,5.4,-4.9,0.408,0
70.233333,2107,1,306,97,113,113,-6.7,5.8,-4.8,0.425,0
70.266667,2108,1,307,97,113,113,-6.6,6.1,-4.8,0.415,0
70.300000,2109,1,307,96,112,112,-6.1,5.8,-4.4,0.396,0
70.333333,2110,1,307,97,112,112,-5.9,6.1,-4.5,0.382,0
70.366667,2111,1,308,97,111,111,-5.3,6.2,-4.2,0.381,0
70.400000,2112,1,308,97,111,111,-4.4,6.5,-3.9,0.401,0
70.433333,2113,1,311,98,109,109,-2.7,6.4,-3.3,0.317,0
70.466667,2114,1,311,98,109,109,-2.7,6.4,-3.3,0.311,0
70.500000,2115,1,310,98,110,110,-2.0,8.5,-2.9,0.315,0
70.533333,2116,1,313,99,108,108,-0.2,8.2,-2.4,0.345,0
70.566667,2117,1,312,100,109,109,0.9,8.6,-1.8,0.280,1
70.600000,2118,1,311,101,111,111,1.6,8.7,-1.7,0.269,1
70.633333,2119,1,311,102,111,111,1.7,9.2,-1.4,0.268,1
70.666667,2120,1,313,103,109,109,2.2,9.0,-1.4,0.256,1
70.700000,2121,1,313,102,108,108,1.6,8.4,-1.6,0.292,1
70.733333,2122,1,312,103,108,108,1.3,8.8,-1.4,0.306,0
70.766667,2123,1,309,102,110,110,0.8,9.2,-1.8,0.312,0
70.800000,2124,1,307,101,112,112,-0.9,8.6,-2.0,0.386,0
70.833333,2125,1,308,101,112,112,-0.6,8.6,-2.0,0.407,0
70.866667,2126,1,307,100,113,113,-1.1,8.4,-2.1,0.408,0
70.900000,2127,1,306,99,112,112,-1.6,7.8,-2.1,0.430,0
70.933333,2128,1,305,99,112,112,-2.3,7.3,-2.2,0.410,0
70.966667,2129,1,307,99,111,111,-2.4,6.8,-2.7,0.472,0
71.000000,2130,1,307,98,111,111,-2.4,6.3,-2.7,0.410,0
71.033333,2131,1,306,98,111,111,-2.8,5.8,-3.3,0.442,0
71.066667,2132,1,305,97,111,111,-3.2,5.4,-3.6,0.375,0
71.100000,2133,1,306,97,111,111,-3.3,4.9,-3.6,0.497,0
71.133333,2134,1,307,96,112,112,-3.5,4.3,-4.1,0.555,0
71.166667,2135,1,306,95,113,113,-3.5,3.1,-4.3,0.485,0
71.200000,2136,1,305,96,113,113,-3.3,3.5,-4.4,0.412,0
71.233333,2137,1,305,96,113,113,-3.2,3.6,-4.5,0.413,0
71.266667,2138,1,305,96,112,112,-3.2,4.0,-4.5,0.435,0
71.300000,2139,1,304,96,113,113,-3.1,4.6,-4.4,0.384,0
71.333333,2140,1,306,98,111,111,-3.1,4.8,-4.4,0.348,0
71.366667,2141,1,305,97,112,112,-3.0,5.6,-4.5,0.386,0
71.400000,2142,1,306,98,110,110,-2.7,5.3,-4.3,0.391,0
71.433333,2143,1,306,98,110,110,-2.7,5.0,-4.4,0.393,0
71.466667,2144,1,306,98,111,111,-2.7,4.9,-4.4,0.377,0
71.500000,2145,1,305,96,113,113,-3.1,4.8,-4.6,0.437,0
71.533333,2146,1,305,96,114,114,-3.2,4.8,-4.5,0.412,0
71.566667,2147,1,307,97,113,113,-2.9,4.8,-4.7,0.380,0
71.600000,2148,1,309,98,112,112,-2.9,4.6,-4.8,0.393,0
71.633333,2149,1,311,99,109,109,-3.0,4.4,-4.8,0.383,0
71.666667,2150,1,313,101,107,107,-2.6,5.0,-4.9,0.360,0
71.700000,2151,1,315,103,106,106,-2.0,5.8,-5.0,0.361,0
71.733333,2152,1,316,104,104,104,-1.6,5.7,-5.0,0.375,0
71.766667,2153,1,317,104,104,104,-0.9,5.6,-5.0,0.613,0
71.800000,2154,1,317,106,103,103,-0.9,6.2,-4.9,0.775,0
71.833333,2155,1,317,106,104,104,-0.5,6.5,-5.1,0.843,0
71.866667,2156,1,316,108,105,105,0.2,7.3,-5.1,0.831,0
71.900000,2157,1,317,107,104,104,1.2,7.3,-5.0,0.860,0
71.933333,2158,1,319,108,103,103,1.9,7.7,-5.1,0.828,0
71.966667,2159,1,322,110,100,100,2.8,8.1,-4.7,0.736,0
72.000000,2160,1,321,111,102,102,4.6,8.1,-4.6,0.541,0
72.033333,2161,1,322,112,100,100,6.1,7.0,-5.0,0.282,1
72.066667,2162,1,321,111,102,102,7.8,7.1,-5.2,0.279,1
72.100000,2163,1,322,113,100,100,8.8,7.4,-4.9,0.326,0
72.133333,2164,1,322,114,101,101,9.6,7.5,-5.2,0.340,0
72.166667,2165,1,323,113,101,101,10.4,8.3,-4.9,0.362,0
72.200000,2166,1,322,114,101,101,10.1,8.6,-4.6,0.400,0
72.233333,2167,1,321,111,105,105,10.3,8.8,-4.3,0.358,0
72.266667,2168,1,320,112,106,106,9.7,9.2,-4.0,0.344,0
72.300000,2169,1,320,112,105,105,9.1,9.4,-3.9,0.326,0
72.333333,2170,1,320,113,104,104,8.5,9.1,-4.0,0.287,1
72.366667,2171,1,321,112,104,104,8.1,8.8,-4.4,0.274,1
72.400000,2172,1,322,112,101,101,7.6,8.3,-4.6,0.278,1
72.433333,2173,1,324,113,99,99,7.4,7.3,-4.7,0.272,1
72.466667,2174,1,322,112,100,100,6.5,7.5,-4.6,0.270,1
72.500000,2175,1,324,112,100,100,5.9,7.2,-4.7,0.197,1
72.533333,2176,1,323,111,100,100,5.1,7.5,-4.5,0.185,1
72.566667,2177,1,322,109,101,101,4.3,6.6,-4.6,0.140,1
72.600000,2178,1,319,107,103,103,3.2,6.5,-4.4,0.160,1
72.633333,2179,1,317,104,106,106,2.4,6.2,-4.5,0.152,1
72.666667,2180,1,318,103,106,106,0.7,5.6,-4.5,0.123,1
72.700000,2181,1,315,103,107,107,-0.5,5.2,-4.3,0.164,1
72.733333,2182,1,315,101,109,109,-1.7,4.5,-4.1,0.173,1
72.766667,2183,1,312,98,110,110,-2.9,4.1,-3.6,0.274,1
72.800000,2184,1,308,97,112,112,-4.0,4.1,-3.4,0.274,1
72.833333,2185,1,306,97,113,113,-5.1,3.7,-3.1,0.259,1
72.866667,2186,1,306,97,112,112,-5.8,3.0,-2.9,0.278,1
72.900000,2187,1,306,97,111,111,-6.1,2.6,-2.7,0.309,0
72.933333,2188,1,305,98,111,111,-6.3,2.2,-2.6,0.307,0
72.966667,2189,1,304,98,111,111,-6.4,2.1,-2.5,0.337,0
73.000000,2190,1,305,99,111,111,-6.7,1.9,-2.5,0.338,0
73.033333,2191,1,305,99,111,111,-6.4,2.0,-2.3,0.322,0
73.066667,2192,1,305,100,110,110,-6.7,2.0,-2.5,0.365,0
73.100000,2193,1,306,100,109,109,-6.5,1.8,-2.5,0.321,0
73.133333,2194,1,306,100,109,109,-6.5,2.0,-2.6,0.280,1
73.166667,2195,1,306,100,110,110,-6.5,2.2,-2.5,0.369,0
73.200000,2196,1,305,100,111,111,-6.2,2.6,-2.5,0.362,0
73.233333,2197,1,305,99,112,112,-5.7,2.9,-2.3,0.370,0
73.266667,2198,1,306,100,111,111,-5.2,3.0,-2.3,0.333,0
73.300000,2199,1,307,100,110,110,-4.7,3.0,-2.2,0.282,1
73.333333,2200,1,307,100,110,110,-3.8,3.4,-2.0,0.326,0
73.366667,2201,1,307,99,112,112,-2.9,3.7,-2.0,0.334,0
73.400000,2202,1,306,99,112,112,-2.7,3.5,-1.9,0.371,0
73.433333,2203,1,307,101,110,110,-2.6,3.9,-1.8,0.362,0
73.466667,2204,1,307,102,108,108,-2.2,4.1,-1.8,0.339,0
73.500000,2205,1,307,102,109,109,-1.8,4.5,-1.7,0.336,0
73.533333,2206,1,306,102,108,108,-1.9,4.2,-1.8,0.324,0
73.566667,2207,1,307,103,109,109,-1.6,4.4,-1.8,0.346,0
73.600000,2208,1,306,102,110,110,-1.5,4.3,-1.8,0.278,1
73.633333,2209,1,306,101,109,109,-1.3,4.1,-1.6,0.270,1
73.666667,2210,1,307,101,109,109,-1.0,4.1,-1.7,0.328,0
73.700000,2211,1,308,101,108,108,-0.5,4.6,-1.8,0.290,1
73.733333,2212,1,308,101,108,108,0.0,4.3,-1.7,0.282,1
73.766667,2213,1,307,100,109,109,-0.0,4.1,-1.8,0.332,0
73.800000,2214,1,307,100,110,110,0.7,4.3,-1.8,0.413,0
73.833333,2215,1,307,101,109,109,1.0,5.2,-1.7,0.411,0
73.866667,2216,1,307,101,109,109,1.6,5.5,-1.4,0.423,0
73.900000,2217,1,306,100,110,110,2.6,6.0,-0.8,0.457,0
73.933333,2218,1,307,102,109,109,3.3,6.3,-0.5,0.328,0
73.966667,2219,1,306,103,110,110,4.0,7.0,0.2,0.311,0
74.000000,2220,1,307,105,109,109,5.1,7.4,0.6,0.332,0
74.033333,2221,1,307,108,107,107,5.5,8.4,0.6,0.339,0
74.066667,2222,1,308,108,106,106,6.6,7.9,1.2,0.343,0
74.100000,2223,1,311,110,105,105,7.4,8.6,1.4,0.344,0
74.133333,2224,1,309,111,105,105,7.1,9.2,1.8,0.358,0
74.166667,2225,1,309,112,106,106,7.5,9.8,2.3,0.301,0
74.200000,2226,1,310,111,109,109,7.9,11.8,2.7,0.193,1
74.233333,2227,1,310,114,109,109,8.0,13.4,3.3,0.215,1
74.266667,2228,1,310,114,110,110,7.7,13.3,3.3,0.346,0
74.300000,2229,1,309,114,109,109,7.0,14.2,3.2,0.382,0
74.333333,2230,1,309,113,111,111,6.6,14.0,2.9,0.411,0
74.366667,2231,1,308,112,112,112,6.1,14.1,2.9,0.409,0
74.400000,2232,1,308,112,112,112,5.7,14.1,2.6,0.392,0
74.433333,2233,1,307,111,112,112,5.8,14.2,2.3,0.471,0
74.466667,2234,1,307,112,111,111,5.6,14.1,2.4,0.456,0
74.500000,2235,1,307,112,111,111,5.6,13.9,2.3,0.453,0
74.533333,2236,1,306,111,111,111,5.5,13.6,2.4,0.461,0
74.566667,2237,1,306,109,111,111,5.6,12.6,2.1,0.463,0
74.600000,2238,1,303,107,112,112,5.6,12.9,2.1,0.299,1
74.633333,2239,1,306,110,110,110,5.1,12.8,2.0,0.406,0
74.666667,2240,1,306,110,107,107,3.9,13.1,2.1,0.447,0
74.700000,2241,1,307,111,106,106,4.1,12.7,1.9,0.501,0
74.733333,2242,1,306,110,107,107,3.2,13.1,1.5,0.473,0
74.766667,2243,1,306,109,108,108,2.5,13.3,1.4,0.480,0
74.800000,2244,1,308,107,109,109,1.0,13.1,0.0,0.564,0
74.833333,2245,1,308,107,109,109,1.0,13.0,0.0,0.563,0
74.866667,2246,1,305,104,111,111,-0.4,12.8,-1.1,0.555,0
74.900000,2247,1,306,103,110,110,-1.9,12.3,-2.0,0.414,0
74.933333,2248,1,308,104,107,107,-2.9,11.3,-2.9,0.447,0
74.966667,2249,1,307,104,108,108,-3.8,11.1,-3.8,0.481,0
75.000000,2250,1,307,102,109,109,-4.5,10.6,-4.5,0.511,0
75.033333,2251,1,306,100,111,111,-4.7,9.9,-4.9,0.497,0
75.066667,2252,1,305,98,112,112,-5.0,9.4,-5.2,0.438,0
75.100000,2253,1,306,98,112,112,-5.1,9.3,-5.6,0.461,0
75.133333,2254,1,306,97,112,112,-5.5,9.1,-6.0,0.519,0
75.166667,2255,1,306,95,112,112,-5.6,8.1,-6.1,0.490,0
75.200000,2256,1,307,95,112,112,-5.8,8.2,-6.3,0.540,0
75.233333,2257,1,307,96,112,112,-6.0,8.5,-6.7,0.546,0
75.266667,2258,1,307,98,112,112,-5.5,9.1,-6.9,0.534,0
75.300000,2259,1,308,99,111,111,-5.2,9.0,-7.0,0.547,0
75.333333,2260,1,309,99,110,110,-4.9,8.8,-6.9,0.488,0
75.366667,2261,1,309,99,109,109,-4.2,8.6,-6.8,0.531,0
75.400000,2262,1,314,102,104,104,-3.3,8.5,-6.6,0.489,0
75.433333,2263,1,315,104,103,103,-1.9,8.4,-6.5,0.398,0
75.466667,2264,1,316,103,104,104,-0.6,8.0,-6.2,0.395,0
75.500000,2265,1,314,102,106,106,0.7,7.8,-5.6,0.325,0
75.533333,2266,1,313,102,107,107,1.5,7.5,-5.1,0.294,1
75.566667,2267,1,313,103,106,106,2.4,8.6,-4.4,0.198,1
75.600000,2268,1,312,104,107,107,2.9,8.6,-3.2,0.179,1
75.633333,2269,1,312,104,106,106,2.9,8.7,-3.1,0.172,1
75.666667,2270,1,312,104,106,106,2.5,8.8,-3.2,0.174,1
75.700000,2271,1,312,103,108,108,1.9,8.4,-3.3,0.180,1
75.733333,2272,1,311,101,110,110,1.4,8.1,-3.4,0.222,1
75.766667,2273,1,311,99,111,111,0.9,7.1,-3.5,0.210,1
75.800000,2274,1,311,98,111,111,0.3,6.4,-3.8,0.222,1
75.833333,2275,1,310,96,112,112,-0.6,6.6,-4.2,0.257,1
75.866667,2276,1,310,97,112,112,-1.1,5.8,-4.0,0.284,1
75.900000,2277,1,310,96,112,112,-1.3,6.1,-4.3,0.272,1
75.933333,2278,1,311,97,111,111,-1.5,5.7,-4.4,0.278,1
75.966667,2279,1,311,98,111,111,-1.5,5.6,-4.7,0.276,1
76.000000,2280,1,312,98,111,111,-1.6,5.5,-5.1,0.287,1
76.033333,2281,1,312,99,110,110,-1.2,5.4,-5.2,0.303,0
76.066667,2282,1,312,98,109,109,-1.1,5.1,-5.3,0.292,1
76.100000,2283,1,313,98,109,109,-0.8,4.6,-5.6,0.292,1
76.133333,2284,1,314,99,107,107,-0.6,4.1,-5.7,0.336,0
76.166667,2285,1,315,99,105,105,-0.4,3.8,-6.0,0.319,0
76.200000,2286,1,314,99,106,106,-0.5,3.3,-6.4,0.289,1
76.233333,2287,1,314,98,106,106,-0.1,3.2,-6.8,0.316,0
76.266667,2288,1,313,98,107,107,-0.2,3.4,-7.1,0.326,0
76.300000,2289,1,313,98,107,107,0.4,3.6,-7.6,0.280,1
76.333333,2290,1,314,98,105,105,0.6,3.6,-8.1,0.286,1
76.366667,2291,1,314,98,105,105,1.1,3.5,-8.7,0.356,0
76.400000,2292,1,314,98,106,106,1.6,3.7,-9.2,0.546,0
76.433333,2293,1,314,98,106,106,1.9,3.8,-9.6,0.604,0
76.466667,2294,1,317,98,104,104,2.9,3.9,-9.9,0.631,0
76.500000,2295,1,318,100,103,103,3.5,4.1,-10.5,0.469,0
76.533333,2296,1,317,100,103,103,4.0,4.5,-10.7,0.502,0
76.566667,2297,1,317,100,103,103,4.5,4.8,-11.1,0.498,0
76.600000,2298,1,318,101,103,103,4.6,4.9,-11.1,0.520,0
76.633333,2299,1,317,101,103,103,5.4,5.5,-11.2,0.550,0
76.666667,2300,1,317,102,102,102,5.4,5.7,-11.1,0.502,0
76.700000,2301,1,318,102,102,102,5.6,5.8,-11.0,0.532,0
76.733333,2302,1,319,103,100,100,5.9,5.8,-11.0,0.471,0
76.766667,2303,1,319,101,101,101,6.2,5.3,-11.2,0.496,0
76.800000,2304,1,316,100,105,105,6.9,4.7,-11.0,0.437,0
76.833333,2305,1,316,100,105,105,6.9,4.8,-11.0,0.439,0
76.866667,2306,1,313,99,107,107,7.2,5.2,-10.8,0.436,0
76.900000,2307,1,312,99,106,106,7.6,4.5,-10.6,0.463,0
76.933333,2308,1,313,99,107,107,8.2,3.8,-10.5,0.454,0
76.966667,2309,1,313,100,106,106,8.4,3.4,-10.3,0.426,0
77.000000,2310,1,314,100,105,105,9.1,3.3,-10.0,0.385,0
77.033333,2311,1,314,100,105,105,9.3,3.6,-9.7,0.386,0
77.066667,2312,1,313,100,106,106,9.0,3.4,-9.4,0.456,0
77.100000,2313,1,313,99,106,106,9.1,3.8,-8.9,0.465,0
77.133333,2314,1,311,100,106,106,9.0,3.4,-8.8,0.450,0
77.166667,2315,1,310,99,107,107,8.9,3.4,-8.4,0.386,0
77.200000,2316,1,312,101,106,106,8.7,3.2,-8.3,0.410,0
77.233333,2317,1,313,101,105,105,8.0,3.9,-8.5,0.392,0
77.266667,2318,1,314,101,104,104,8.0,3.3,-8.4,0.442,0
77.300000,2319,1,315,101,105,105,8.2,3.9,-8.5,0.440,0
77.333333,2320,1,315,102,105,105,8.5,4.0,-8.3,0.379,0
77.366667,2321,1,315,101,105,105,8.3,4.0,-8.4,0.400,0
77.400000,2322,1,315,101,105,105,8.3,3.9,-8.4,0.408,0
77.433333,2323,1,315,101,105,105,8.3,4.0,-8.4,0.396,0
77.466667,2324,1,315,101,105,105,8.4,4.1,-8.3,0.397,0
77.500000,2325,1,314,101,106,106,8.6,4.2,-8.2,0.397,0
77.533333,2326,1,313,100,108,108,8.5,4.7,-8.2,0.376,0
77.566667,2327,1,312,99,109,109,7.8,4.2,-7.8,0.356,0
77.600000,2328,1,311,99,110,110,7.6,4.5,-7.6,0.418,0
77.633333,2329,1,311,99,110,110,7.2,4.6,-7.5,0.431,0
77.666667,2330,1,311,99,110,110,6.8,5.2,-7.2,0.405,0
77.700000,2331,1,312,100,108,108,5.7,5.1,-7.2,0.451,0
77.733333,2332,1,313,101,107,107,5.0,5.4,-7.4,0.680,0
77.766667,2333,1,312,99,106,106,4.0,5.5,-7.5,0.782,0
77.800000,2334,1,311,99,105,105,2.7,4.1,-7.3,0.818,0
77.833333,2335,1,310,100,104,104,1.7,3.9,-7.2,0.854,0
77.866667,2336,1,310,99,104,104,1.0,3.5,-7.2,0.876,0
77.900000,2337,1,308,95,108,108,0.4,3.6,-7.5,0.885,0
77.933333,2338,1,308,95,108,108,-0.3,3.2,-7.7,0.898,0
77.966667,2339,1,306,93,112,112,-0.6,2.7,-7.9,0.881,0
78.000000,2340,1,306,92,111,111,-0.8,1.7,-8.1,0.874,0
78.033333,2341,1,307,92,111,111,-0.8,0.6,-8.8,0.854,0
78.066667,2342,1,306,92,110,110,-1.2,0.4,-9.3,0.828,0
78.100000,2343,1,306,92,110,110,-1.4,-0.4,-9.7,0.767,0
78.133333,2344,1,302,90,112,112,-1.5,-1.5,-9.9,0.700,0
78.166667,2345,1,304,90,109,109,-1.5,-2.0,-10.6,0.437,0
78.200000,2346,1,306,92,106,106,-1.6,-2.1,-11.0,0.175,1
78.233333,2347,1,308,92,104,104,-1.5,-1.9,-11.2,0.147,1
78.266667,2348,1,308,92,104,104,-1.3,-2.6,-11.1,0.131,1
78.300000,2349,1,305,92,107,107,-1.1,-2.9,-10.5,0.343,0
78.333333,2350,1,305,93,107,107,-1.0,-2.6,-10.1,0.381,0
78.366667,2351,1,304,93,108,108,-1.0,-2.5,-9.6,0.355,0
78.400000,2352,1,303,94,107,107,-1.1,-2.3,-9.2,0.307,0
78.433333,2353,1,302,94,108,108,-1.4,-2.0,-9.3,0.297,1
78.466667,2354,1,302,94,106,106,-1.4,-1.6,-9.5,0.354,0
78.500000,2355,1,300,92,108,108,-1.7,-1.3,-9.6,0.347,0
78.533333,2356,1,301,93,106,106,-1.9,-0.8,-9.7,0.340,0
78.566667,2357,1,302,93,104,104,-1.7,-0.6,-9.7,0.335,0
78.600000,2358,1,302,93,103,103,-1.3,-0.5,-9.6,0.361,0
78.633333,2359,1,300,92,105,105,-1.2,-0.4,-9.5,0.336,0
78.666667,2360,1,300,93,104,104,-0.7,-0.3,-9.4,0.286,1
78.700000,2361,1,301,93,103,103,-0.5,-0.2,-9.1,0.306,0
78.733333,2362,1,302,93,101,101,0.1,-1.0,-9.1,0.289,1
78.766667,2363,1,300,93,103,103,0.5,-0.6,-9.1,0.201,1
78.800000,2364,1,301,93,104,104,1.1,-0.2,-9.1,0.229,1
78.833333,2365,1,300,92,107,107,1.7,0.2,-9.0,0.260,1
78.866667,2366,1,299,91,112,112,2.4,0.8,-8.7,0.234,1
78.900000,2367,1,300,92,110,110,3.3,1.6,-8.4,0.260,1
78.933333,2368,1,301,93,108,108,4.0,2.3,-8.0,0.281,1
78.966667,2369,1,301,94,109,109,5.1,3.6,-7.2,0.274,1
79.000000,2370,1,303,95,108,108,6.4,4.1,-6.6,0.160,1
79.033333,2371,1,303,98,107,107,6.9,3.9,-6.2,0.149,1
79.066667,2372,1,304,101,106,106,7.0,4.0,-5.9,0.172,1
79.100000,2373,1,303,100,110,110,7.6,4.3,-5.4,0.171,1
79.133333,2374,1,303,100,110,110,7.8,3.7,-5.2,0.175,1
79.166667,2375,1,304,101,110,110,8.2,4.8,-5.0,0.174,1
79.200000,2376,1,303,101,110,110,7.9,5.7,-4.9,0.210,1
79.233333,2377,1,304,100,110,110,7.4,5.9,-5.0,0.166,1
79.266667,2378,1,304,101,108,108,7.6,6.6,-4.7,0.224,1
79.300000,2379,1,304,102,109,109,7.5,6.9,-4.7,0.221,1
79.333333,2380,1,305,105,105,105,6.7,7.6,-4.6,0.229,1
79.366667,2381,1,307,107,104,104,7.5,7.2,-4.3,0.230,1
79.400000,2382,1,308,109,102,102,7.4,6.5,-4.1,0.189,1
79.433333,2383,1,309,108,102,102,7.5,6.9,-4.2,0.311,0
79.466667,2384,1,309,106,103,103,7.8,6.8,-4.1,0.291,1
79.500000,2385,1,310,106,101,101,8.0,6.9,-4.0,0.265,1
79.533333,2386,1,310,107,100,100,8.0,6.7,-3.9,0.311,0
79.566667,2387,1,311,108,99,99,8.1,7.0,-3.7,0.239,1
79.600000,2388,1,312,108,98,98,8.6,7.0,-3.3,0.266,1
79.633333,2389,1,313,108,98,98,8.8,7.0,-3.3,0.300,1
79.666667,2390,1,313,107,98,98,8.7,7.1,-3.3,0.231,1
79.700000,2391,1,314,107,98,98,8.9,5.9,-3.4,0.222,1
79.733333,2392,1,313,107,99,99,8.7,5.5,-3.2,0.219,1
79.766667,2393,1,312,107,99,99,8.8,5.3,-3.1,0.210,1
79.800000,2394,1,312,105,100,100,8.9,4.9,-3.1,0.216,1
79.833333,2395,1,312,102,103,103,9.1,4.6,-3.2,0.211,1
79.866667,2396,1,312,102,104,104,9.2,4.9,-2.9,0.179,1
79.900000,2397,1,312,102,104,104,8.8,4.4,-2.8,0.234,1
79.933333,2398,1,312,102,103,103,8.9,4.8,-2.6,0.214,1
79.966667,2399,1,312,102,104,104,9.3,4.4,-2.4,0.349,0
80.000000,2400,1,312,103,104,104,8.8,4.3,-2.3,0.393,0
80.033333,2401,1,311,103,105,105,8.8,4.3,-2.1,0.313,0
80.066667,2402,1,309,100,108,108,8.7,4.2,-2.2,0.396,0
80.100000,2403,1,308,101,110,110,8.5,3.6,-1.9,0.428,0
80.133333,2404,1,308,101,110,110,8.5,3.3,-1.8,0.333,0
80.166667,2405,1,307,103,109,109,8.1,3.4,-1.6,0.289,1
80.200000,2406,1,307,102,110,110,8.1,4.0,-1.6,0.414,0
80.233333,2407,1,307,101,110,110,7.8,4.0,-1.3,0.416,0
80.266667,2408,1,306,99,111,111,7.8,4.5,-1.3,0.426,0
80.300000,2409,1,306,99,111,111,7.8,4.0,-1.2,0.428,0
80.333333,2410,1,306,98,111,111,7.7,4.1,-1.3,0.406,0
80.366667,2411,1,306,99,110,110,7.7,4.1,-1.3,0.429,0
80.400000,2412,1,305,98,111,111,7.5,4.2,-1.1,0.415,0
80.433333,2413,1,305,99,112,112,7.4,3.9,-1.4,0.423,0
80.466667,2414,1,304,99,111,111,6.7,4.6,-1.0,0.457,0
80.500000,2415,1,303,99,110,110,6.1,3.9,-1.0,0.565,0
80.533333,2416,1,302,98,110,110,5.3,4.1,-1.0,0.584,0
80.566667,2417,1,302,98,110,110,4.7,3.9,-1.3,0.585,0
80.600000,2418,1,302,98,111,111,4.0,4.9,-1.1,0.556,0
80.633333,2419,1,303,96,110,110,3.5,3.4,-1.6,0.444,0
80.666667,2420,1,300,95,111,111,2.8,3.6,-1.8,0.597,0
80.700000,2421,1,301,95,109,109,1.6,3.4,-2.2,0.817,0
80.733333,2422,1,300,96,107,107,0.3,2.8,-2.3,0.862,0
80.766667,2423,1,298,95,109,109,-0.7,3.1,-2.8,0.882,0
80.800000,2424,1,296,95,111,111,-1.8,2.4,-3.3,0.875,0
80.833333,2425,1,297,94,109,109,-2.5,2.0,-3.8,0.865,0
80.866667,2426,1,296,94,111,111,-3.4,2.1,-4.8,0.846,0
80.900000,2427,1,296,94,107,107,-4.2,0.5,-5.4,0.762,0
80.933333,2428,1,298,95,106,106,-4.8,0.6,-6.1,0.624,0
80.966667,2429,1,294,92,110,110,-5.3,0.4,-7.0,0.347,0
81.000000,2430,1,291,91,113,113,-6.1,-0.1,-7.6,0.332,0
81.033333,2431,1,292,92,112,112,-6.2,0.6,-8.6,0.373,0
81.066667,2432,1,291,91,114,114,-6.6,0.8,-9.1,0.393,0
81.100000,2433,1,292,92,113,113,-6.6,1.2,-9.4,0.371,0
81.133333,2434,1,292,92,113,113,-6.6,1.2,-9.4,0.364,0
81.166667,2435,1,291,91,114,114,-6.5,1.3,-9.4,0.364,0
81.200000,2436,1,293,92,111,111,-6.1,1.5,-9.1,0.364,0
81.233333,2437,1,292,93,110,110,-6.3,1.5,-8.9,0.349,0
81.266667,2438,1,293,93,112,112,-6.3,1.9,-8.9,0.326,0
81.300000,2439,1,295,97,110,110,-6.4,2.3,-9.0,0.307,0
81.333333,2440,1,294,96,111,111,-6.6,2.3,-9.0,0.294,1
81.366667,2441,1,294,96,111,111,-6.5,2.3,-8.9,0.286,1
81.400000,2442,1,294,96,111,111,-6.4,2.6,-8.9,0.318,0
81.433333,2443,1,294,96,110,110,-6.1,2.6,-8.7,0.305,0
81.466667,2444,1,294,96,110,110,-5.7,2.6,-8.5,0.282,1
81.500000,2445,1,294,96,110,110,-5.8,2.3,-8.3,0.269,1
81.533333,2446,1,294,96,110,110,-5.9,2.6,-8.3,0.282,1
81.566667,2447,1,294,96,110,110,-5.9,2.6,-8.3,0.294,1
81.600000,2448,1,294,96,109,109,-6.0,2.3,-8.2,0.287,1
81.633333,2449,1,294,96,110,110,-5.8,2.9,-8.3,0.273,1
81.666667,2450,1,294,96,110,110,-6.0,2.9,-8.3,0.256,1
81.700000,2451,1,294,96,111,111,-6.0,2.9,-8.1,0.217,1
81.733333,2452,1,294,95,111,111,-6.3,2.3,-8.0,0.270,1
81.766667,2453,1,293,95,112,112,-6.6,2.6,-8.0,0.257,1
81.800000,2454,1,293,94,112,112,-6.5,2.4,-7.9,0.279,1
81.833333,2455,1,293,94,112,112,-6.3,2.6,-7.9,0.284,1
81.866667,2456,1,292,93,113,113,-6.4,2.3,-7.9,0.277,1
81.900000,2457,1,293,94,113,113,-6.5,2.5,-7.9,0.282,1
81.933333,2458,1,294,95,111,111,-6.4,2.5,-7.9,0.328,0
81.966667,2459,1,293,94,111,111,-6.4,2.6,-7.7,0.307,0
82.000000,2460,1,292,93,113,113,-6.1,3.0,-7.7,0.321,0
82.033333,2461,1,292,93,112,112,-5.8,2.9,-7.6,0.327,0
82.066667,2462,1,293,94,110,110,-5.5,2.8,-7.4,0.305,0
82.100000,2463,1,294,95,109,109,-5.6,3.2,-7.5,0.306,0
82.133333,2464,1,293,96,110,110,-5.6,3.5,-7.6,0.312,0
82.166667,2465,1,294,96,110,110,-5.4,3.6,-7.7,0.286,1
82.200000,2466,1,293,96,110,110,-5.5,3.6,-7.6,0.313,0
82.233333,2467,1,294,96,109,109,-5.3,3.9,-7.6,0.268,1
82.266667,2468,1,294,95,109,109,-5.1,3.5,-7.6,0.279,1
82.300000,2469,1,294,95,110,110,-5.1,3.7,-7.7,0.309,0
82.333333,2470,1,295,97,108,108,-5.2,3.4,-7.9,0.290,1
82.366667,2471,1,296,98,109,109,-4.8,3.6,-7.9,0.307,0
82.400000,2472,1,296,98,110,110,-4.4,3.9,-8.1,0.258,1
82.433333,2473,1,297,100,107,107,-4.4,4.0,-8.0,0.274,1
82.466667,2474,1,294,100,109,109,-4.4,4.4,-7.9,0.227,1
82.500000,2475,1,296,100,109,109,-4.1,4.3,-7.8,0.230,1
82.533333,2476,1,297,99,108,108,-3.6,4.6,-7.9,0.185,1
82.566667,2477,1,298,99,108,108,-3.3,4.7,-7.8,0.200,1
82.600000,2478,1,298,99,108,108,-3.0,4.6,-7.8,0.173,1
82.633333,2479,1,297,98,109,109,-3.1,4.5,-7.8,0.169,1
82.666667,2480,1,297,97,109,109,-3.2,4.3,-7.7,0.193,1
82.700000,2481,1,296,97,110,110,-3.1,4.3,-7.7,0.188,1
82.733333,2482,1,297,97,110,110,-2.7,4.1,-7.8,0.204,1
82.766667,2483,1,295,94,114,114,-2.8,4.1,-7.7,0.196,1
82.800000,2484,1,295,94,114,114,-2.8,4.2,-7.7,0.175,1
82.833333,2485,1,295,95,113,113,-2.7,4.4,-7.7,0.191,1
82.866667,2486,1,294,94,115,115,-2.9,3.6,-7.2,0.173,1
82.900000,2487,1,294,94,115,115,-2.7,3.7,-7.2,0.196,1
82.933333,2488,1,294,94,116,116,-2.2,4.0,-7.1,0.180,1
82.966667,2489,1,294,93,117,117,-2.4,4.1,-7.0,0.193,1
83.000000,2490,1,293,94,118,118,-2.0,4.4,-6.8,0.180,1
83.033333,2491,1,294,95,117,117,-1.6,4.9,-7.0,0.197,1
83.066667,2492,1,293,93,120,120,-1.8,5.2,-6.7,0.170,1
83.100000,2493,1,293,93,119,119,-2.1,5.3,-6.4,0.181,1
83.133333,2494,1,294,96,115,115,-2.2,5.1,-6.1,0.169,1
83.166667,2495,1,295,96,114,114,-2.0,5.5,-6.1,0.182,1
83.200000,2496,1,291,95,117,117,-1.8,5.9,-5.4,0.180,1
83.233333,2497,1,292,98,116,116,-1.4,6.1,-5.0,0.162,1
83.266667,2498,1,291,99,116,116,-1.1,6.0,-4.9,0.131,1
83.300000,2499,1,292,99,115,115,-1.0,7.1,-4.8,0.220,1
83.333333,2500,1,293,99,114,114,-1.4,7.0,-5.0,0.241,1
83.366667,2501,1,293,100,114,114,-1.6,6.7,-4.9,0.182,1
83.400000,2502,1,293,100,114,114,-2.0,6.4,-5.3,0.213,1
83.433333,2503,1,293,99,113,113,-2.3,5.8,-5.3,0.218,1
83.466667,2504,1,292,98,115,115,-2.4,6.4,-5.6,0.225,1
83.500000,2505,1,292,97,115,115,-2.5,5.9,-5.5,0.195,1
83.533333,2506,1,292,97,116,116,-2.2,5.7,-5.5,0.208,1
83.566667,2507,1,292,98,115,115,-2.2,6.2,-5.5,0.168,1
83.600000,2508,1,293,98,115,115,-1.9,6.6,-5.3,0.202,1
83.633333,2509,1,293,98,115,115,-2.0,6.6,-5.4,0.217,1
83.666667,2510,1,292,98,116,116,-1.9,5.9,-5.2,0.172,1
83.700000,2511,1,291,98,117,117,-2.1,5.9,-5.3,0.149,1
83.733333,2512,1,290,98,118,118,-2.3,6.1,-5.3,0.200,1
83.766667,2513,1,290,97,118,118,-2.5,5.7,-5.5,0.182,1
83.800000,2514,1,291,98,117,117,-2.4,6.2,-5.4,0.210,1
83.833333,2515,1,291,99,116,116,-2.2,6.8,-5.4,0.240,1
83.866667,2516,1,292,100,115,115,-2.0,6.6,-5.3,0.194,1
83.900000,2517,1,292,100,115,115,-1.8,6.8,-5.4,0.177,1
83.933333,2518,1,291,99,116,116,-1.8,6.3,-5.3,0.235,1
83.966667,2519,1,291,99,117,117,-1.9,6.2,-5.5,0.226,1
84.000000,2520,1,292,99,117,117,-1.6,6.8,-5.4,0.172,1
84.033333,2521,1,291,98,118,118,-1.7,6.6,-5.5,0.218,1
84.066667,2522,1,291,97,120,120,-1.6,6.6,-5.6,0.241,1
84.100000,2523,1,292,96,121,121,-1.3,6.3,-5.5,0.195,1
84.133333,2524,1,291,95,122,122,-1.2,6.4,-5.4,0.320,0
84.166667,2525,1,291,95,123,123,-1.0,6.0,-5.2,0.542,0
84.200000,2526,1,292,95,124,124,-0.8,5.9,-5.3,0.600,0
84.233333,2527,1,291,95,124,124,-0.9,5.4,-5.1,0.568,0
84.266667,2528,1,292,95,123,123,-0.7,5.6,-5.2,0.603,0
84.300000,2529,1,292,95,123,123,-0.7,5.6,-5.1,0.643,0
84.333333,2530,1,293,97,121,121,-0.4,5.8,-5.2,0.628,0
84.366667,2531,1,294,97,120,120,-0.5,5.6,-5.5,0.691,0
84.400000,2532,1,295,97,120,120,-0.3,5.8,-5.5,0.720,0
84.433333,2533,1,296,97,119,119,-0.2,5.7,-5.4,0.707,0
84.466667,2534,1,295,98,119,119,-0.3,5.8,-5.4,0.738,0
84.500000,2535,1,297,98,117,117,0.2,5.9,-5.1,0.731,0
84.533333,2536,1,299,99,114,114,0.6,5.3,-4.6,0.724,0
84.566667,2537,1,300,99,113,113,1.2,4.6,-4.2,0.706,0
84.600000,2538,1,299,98,115,115,1.9,4.5,-3.8,0.683,0
84.633333,2539,1,299,97,117,117,2.8,4.7,-3.2,0.690,0
84.666667,2540,1,298,97,117,117,3.4,4.6,-2.1,0.686,0
84.700000,2541,1,297,96,117,117,3.8,4.0,-1.3,0.635,0
84.733333,2542,1,299,96,115,115,4.3,4.4,-0.2,0.570,0
84.766667,2543,1,299,95,114,114,4.5,4.2,0.9,0.611,0
84.800000,2544,1,299,95,113,113,4.0,4.1,1.8,0.574,0
84.833333,2545,1,299,95,113,113,4.5,4.0,2.8,0.572,0
84.866667,2546,1,297,93,116,116,4.3,3.7,3.6,0.549,0
84.900000,2547,1,298,94,116,116,5.0,4.2,4.4,0.562,0
84.933333,2548,1,298,95,114,114,5.0,4.4,5.1,0.521,0
84.966667,2549,1,298,96,112,112,4.9,4.6,5.7,0.532,0
85.000000,2550,1,294,93,119,119,4.5,4.2,6.1,0.506,0
85.033333,2551,1,294,95,118,118,4.1,4.6,6.5,0.495,0
85.066667,2552,1,293,96,119,119,3.8,4.4,6.6,0.500,0
85.100000,2553,1,293,96,120,120,3.5,4.3,6.5,0.441,0
85.133333,2554,1,293,96,119,119,3.4,4.7,6.2,0.500,0
85.166667,2555,1,293,96,119,119,3.4,5.4,5.9,0.431,0
85.200000,2556,1,294,96,119,119,3.6,5.5,5.0,0.470,0
85.233333,2557,1,294,96,119,119,3.6,5.5,5.0,0.473,0
85.266667,2558,1,293,94,122,122,4.3,5.4,4.6,0.462,0
85.300000,2559,1,292,94,123,123,4.4,5.4,4.4,0.466,0
85.333333,2560,1,295,95,119,119,4.3,4.7,3.8,0.516,0
85.366667,2561,1,295,93,118,118,4.0,4.0,3.3,0.424,0
85.400000,2562,1,298,94,114,114,3.8,3.8,2.5,0.488,0
85.433333,2563,1,300,94,113,113,3.8,3.6,1.9,0.567,0
85.466667,2564,1,300,94,112,112,3.3,2.5,1.3,0.554,0
85.500000,2565,1,301,94,111,111,3.0,1.6,0.8,0.602,0
85.533333,2566,1,301,93,112,112,3.0,1.4,0.2,0.550,0
85.566667,2567,1,303,93,112,112,3.0,0.7,-0.5,0.553,0
85.600000,2568,1,303,93,113,113,3.3,1.0,-0.9,0.570,0
85.633333,2569,1,304,93,112,112,3.3,0.6,-1.2,0.610,0
85.666667,2570,1,304,93,113,113,3.0,0.8,-1.7,0.601,0
85.700000,2571,1,304,93,114,114,2.8,0.7,-2.2,0.614,0
85.733333,2572,1,305,94,114,114,2.5,1.2,-2.6,0.651,0
85.766667,2573,1,305,94,114,114,2.1,1.4,-2.8,0.574,0
85.800000,2574,1,306,96,113,113,2.0,2.0,-3.2,0.598,0
85.833333,2575,1,307,96,112,112,2.1,2.1,-3.2,0.613,0
85.866667,2576,1,306,96,113,113,1.4,2.3,-3.3,0.485,0
85.900000,2577,1,306,96,114,114,1.7,2.9,-3.1,0.502,0
85.933333,2578,1,305,96,115,115,1.2,2.9,-2.9,0.551,0
85.966667,2579,1,304,95,117,117,1.6,3.3,-2.8,0.486,0
86.000000,2580,1,304,95,118,118,1.1,3.5,-3.0,0.486,0
86.033333,2581,1,304,95,117,117,1.0,3.8,-3.1,0.453,0
86.066667,2582,1,305,96,117,117,0.9,4.1,-3.3,0.491,0
86.100000,2583,1,304,95,118,118,0.8,4.1,-3.2,0.456,0
86.133333,2584,1,304,96,117,117,0.3,4.2,-3.0,0.442,0
86.166667,2585,1,305,97,116,116,-0.3,4.1,-2.8,0.510,0
86.200000,2586,1,304,97,117,117,-0.9,4.4,-2.8,0.402,0
86.233333,2587,1,303,97,117,117,-1.4,4.2,-2.7,0.306,0
86.266667,2588,1,303,97,117,117,-1.4,5.1,-2.7,0.276,1
86.300000,2589,1,302,97,117,117,-1.9,5.4,-3.0,0.269,1
86.333333,2590,1,302,97,117,117,-2.3,5.2,-3.2,0.224,1
86.366667,2591,1,302,95,116,116,-2.8,4.5,-3.2,0.270,1
86.400000,2592,1,303,95,114,114,-2.7,3.9,-3.6,0.368,0
86.433333,2593,1,303,95,114,114,-2.6,3.9,-3.6,0.351,0
86.466667,2594,1,304,95,112,112,-3.1,4.0,-3.8,0.784,0
86.500000,2595,1,304,95,112,112,-3.1,3.8,-3.7,0.825,0
86.533333,2596,1,304,95,113,113,-2.8,3.6,-3.8,0.830,0
86.566667,2597,1,304,94,115,115,-2.8,3.4,-3.9,0.792,0
86.600000,2598,1,302,93,117,117,-3.4,3.4,-3.9,0.633,0
86.633333,2599,1,302,94,117,117,-3.5,3.1,-4.3,0.312,0
86.666667,2600,1,302,93,117,117,-3.6,2.5,-4.2,0.254,1
86.700000,2601,1,303,93,116,116,-3.7,3.1,-4.3,0.271,1
86.733333,2602,1,303,93,117,117,-3.8,3.4,-4.5,0.240,1
86.766667,2603,1,303,93,118,118,-3.4,3.4,-4.5,0.249,1
86.800000,2604,1,302,92,118,118,-3.5,3.3,-4.5,0.245,1
86.833333,2605,1,302,92,118,118,-3.1,3.4,-4.4,0.233,1
86.866667,2606,1,302,93,118,118,-3.1,3.7,-4.7,0.248,1
86.900000,2607,1,303,93,117,117,-3.1,3.5,-4.7,0.235,1
86.933333,2608,1,303,94,117,117,-2.9,3.8,-4.5,0.244,1
86.966667,2609,1,304,95,115,115,-3.0,4.1,-4.7,0.239,1
87.000000,2610,1,305,96,113,113,-3.0,4.2,-4.8,0.193,1
87.033333,2611,1,304,96,114,114,-3.0,4.3,-5.0,0.187,1
87.066667,2612,1,305,96,113,113,-2.8,3.7,-4.9,0.259,1
87.100000,2613,1,304,95,115,115,-2.6,4.0,-5.1,0.189,1
87.133333,2614,1,303,94,116,116,-2.3,3.0,-5.0,0.179,1
87.166667,2615,1,304,95,115,115,-2.3,3.2,-5.3,0.182,1
87.200000,2616,1,304,95,115,115,-2.4,3.1,-5.4,0.196,1
87.233333,2617,1,305,95,115,115,-2.5,3.4,-5.4,0.178,1
87.266667,2618,1,306,95,114,114,-2.8,3.1,-5.7,0.169,1
87.300000,2619,1,306,94,114,114,-2.8,3.6,-5.9,0.161,1
87.333333,2620,1,306,94,115,115,-3.1,3.3,-5.8,0.172,1
87.366667,2621,1,305,94,115,115,-3.3,3.7,-5.8,0.178,1
87.400000,2622,1,306,94,116,116,-3.2,3.4,-6.0,0.185,1
87.433333,2623,1,307,95,114,114,-3.5,3.8,-6.2,0.178,1
87.466667,2624,1,308,95,113,113,-4.1,3.5,-6.6,0.206,1
87.500000,2625,1,308,94,113,113,-4.6,3.1,-7.1,0.259,1
87.533333,2626,1,309,94,114,114,-5.7,3.2,-7.9,0.354,0
87.566667,2627,1,309,93,114,114,-7.0,2.9,-8.7,0.306,0
87.600000,2628,1,308,96,112,112,-9.4,3.4,-10.7,0.423,0
87.633333,2629,1,308,96,113,113,-9.4,3.4,-10.7,0.445,0
87.666667,2630,1,309,100,110,110,-10.5,3.0,-11.4,0.490,0
87.700000,2631,1,308,100,110,110,-10.9,3.8,-11.8,0.532,0
87.733333,2632,1,310,102,108,108,-11.5,4.4,-12.2,0.591,0
87.766667,2633,1,308,102,108,108,-12.6,5.2,-12.3,0.692,0
87.800000,2634,1,310,106,107,107,-12.7,6.2,-12.6,0.721,0
87.833333,2635,1,308,104,109,109,-13.1,6.0,-12.6,0.649,0
87.866667,2636,1,306,104,111,111,-13.7,6.8,-12.4,0.737,0
87.900000,2637,1,305,103,113,113,-13.8,7.0,-12.1,0.762,0
87.933333,2638,1,305,103,113,113,-13.5,6.8,-11.7,0.733,0
87.966667,2639,1,307,104,111,111,-13.2,6.9,-11.5,0.741,0
88.000000,2640,1,311,106,106,106,-12.5,5.9,-10.3,0.683,0
88.033333,2641,1,311,106,106,106,-12.5,5.8,-10.3,0.679,0
88.066667,2642,1,311,105,106,106,-12.4,5.6,-10.1,0.714,0
88.100000,2643,1,312,105,105,105,-12.2,5.7,-9.9,0.672,0
88.133333,2644,1,311,105,105,105,-11.9,5.9,-9.8,0.678,0
88.166667,2645,1,311,105,106,106,-11.9,5.7,-9.8,0.699,0
88.200000,2646,1,310,103,108,108,-11.7,4.7,-9.4,0.658,0
88.233333,2647,1,310,103,107,107,-11.6,4.8,-9.4,0.661,0
88.266667,2648,1,310,103,107,107,-11.4,4.9,-9.6,0.658,0
88.300000,2649,1,310,104,107,107,-11.6,5.2,-9.8,0.649,0
88.333333,2650,1,310,103,107,107,-11.6,5.3,-9.8,0.647,0
88.366667,2651,1,310,103,108,108,-11.5,6.1,-10.4,0.616,0
88.400000,2652,1,306,104,110,110,-11.4,7.3,-10.7,0.690,0
88.433333,2653,1,306,104,110,110,-11.4,7.4,-10.7,0.688,0
88.466667,2654,1,305,103,111,111,-11.3,7.2,-10.8,0.631,0
88.500000,2655,1,305,102,112,112,-11.0,7.3,-10.7,0.574,0
88.533333,2656,1,306,102,112,112,-11.1,6.5,-10.7,0.573,0
88.566667,2657,1,307,102,111,111,-11.1,6.1,-10.9,0.608,0
88.600000,2658,1,307,103,109,109,-11.2,6.0,-11.0,0.604,0
88.633333,2659,1,308,103,108,108,-11.4,5.6,-10.8,0.642,0
88.666667,2660,1,307,102,110,110,-11.4,6.0,-10.8,0.619,0
88.700000,2661,1,306,101,113,113,-11.3,6.1,-10.7,0.597,0
88.733333,2662,1,305,102,113,113,-11.2,6.7,-10.6,0.564,0
88.766667,2663,1,305,103,112,112,-11.1,6.8,-10.5,0.545,0
88.800000,2664,1,306,102,112,112,-11.4,6.9,-10.6,0.627,0
88.833333,2665,1,309,103,109,109,-11.2,6.0,-10.5,0.570,0
88.866667,2666,1,309,103,107,107,-11.3,5.5,-10.4,0.608,0
88.900000,2667,1,306,102,109,109,-11.4,5.2,-10.3,0.598,0
88.933333,2668,1,306,100,111,111,-11.2,4.2,-10.0,0.591,0
88.966667,2669,1,305,99,112,112,-11.2,3.8,-10.1,0.589,0
89.000000,2670,1,306,100,113,113,-10.8,4.2,-10.3,0.564,0
89.033333,2671,1,306,100,112,112,-10.8,4.1,-10.4,0.598,0
89.066667,2672,1,306,100,112,112,-10.8,4.6,-10.6,0.609,0
89.100000,2673,1,305,101,111,111,-11.0,4.3,-10.5,0.644,0
89.133333,2674,1,306,101,111,111,-10.7,4.5,-10.5,0.633,0
89.166667,2675,1,305,101,111,111,-10.7,4.3,-10.5,0.635,0
89.200000,2676,1,306,101,111,111,-10.4,4.4,-10.5,0.614,0
89.233333,2677,1,306,101,111,111,-10.3,4.6,-10.5,0.642,0
89.266667,2678,1,306,100,111,111,-10.4,4.2,-10.3,0.642,0
89.300000,2679,1,306,100,111,111,-10.4,4.1,-10.3,0.602,0
89.333333,2680,1,307,100,111,111,-10.2,4.0,-10.4,0.604,0
89.366667,2681,1,308,100,111,111,-10.2,3.3,-10.3,0.563,0
89.400000,2682,1,309,100,110,110,-10.3,3.0,-10.3,0.538,0
89.433333,2683,1,310,101,109,109,-10.3,2.8,-10.3,0.602,0
89.466667,2684,1,310,100,108,108,-10.1,2.2,-10.1,0.558,0
89.500000,2685,1,310,99,109,109,-10.1,2.4,-10.1,0.547,0
89.533333,2686,1,307,97,113,113,-10.0,1.4,-10.0,0.540,0
89.566667,2687,1,310,99,109,109,-10.0,1.4,-10.0,0.484,0
89.600000,2688,1,312,99,107,107,-9.5,0.6,-10.0,0.475,0
89.633333,2689,1,312,99,107,107,-9.5,-0.3,-9.7,0.496,0
89.666667,2690,1,312,97,107,107,-9.1,-1.6,-9.4,0.499,0
89.700000,2691,1,312,97,106,106,-8.7,-3.5,-9.1,0.452,0
89.733333,2692,1,313,97,104,104,-8.4,-3.9,-8.8,0.419,0
89.766667,2693,1,314,96,103,103,-8.8,-4.6,-8.8,0.480,0
89.800000,2694,1,315,95,101,101,-8.9,-5.4,-8.3,0.551,0
89.833333,2695,1,316,97,100,100,-8.8,-4.9,-8.4,0.815,0
89.866667,2696,1,316,97,100,100,-8.8,-5.0,-8.3,0.841,0
89.900000,2697,1,317,97,100,100,-8.9,-5.1,-8.3,0.857,0
89.933333,2698,1,317,97,100,100,-8.5,-5.2,-8.0,0.847,0
89.966667,2699,1,315,96,102,102,-8.5,-4.6,-7.9,0.849,0
90.000000,2700,1,313,95,107,107,-8.5,-3.9,-8.1,0.806,0
